Term Tested,District Name,School Name,Instructor Name,Class Name,Student ID,Student Last Name,Student First Name,Student Grade,Subject,Course,Test Name,Date Tested,Duration,Test RIT Score,Standard Error,Test Percentile,Percent Rapid Guessed,Lexile,Quantile,Instructional Area 1 Name,Instructional Area 1 RIT,Instructional Area 1 StdErr,Instructional Area 2 Name,Instructional Area 2 RIT,Instructional Area 2 StdErr,Instructional Area 3 Name,Instructional Area 3 RIT,Instructional Area 3 StdErr,Instructional Area 4 Name,Instructional Area 4 RIT,Instructional Area 4 StdErr,Instructional Area 5 Name,Instructional Area 5 RIT,Instructional Area 5 StdErr
Spring 2025-2026,AISA (sample data),AISA Demo School,Okafor,5A,D250020,Andersson,Nils,5,Reading,Reading,Growth: Reading 2-5 CCSS 2010 V4,5/5/2026,60,224,3.1,83,0,995L,,Literary Text: Key Ideas and Details,221,7.2,"Literary Text: Language, Craft, and Structure",234,7.5,Informational Text: Key Ideas and Details,228,7.0,"Informational Text: Language, Craft, and Structure",224,7.4,Vocabulary: Acquisition and Use,216,7.5
Spring 2025-2026,AISA (sample data),AISA Demo School,Okafor,5A,D250021,Aziz,Mariam,5,Reading,Reading,Growth: Reading 2-5 CCSS 2010 V4,5/5/2026,54,220,2.8,76,0,930L,,Literary Text: Key Ideas and Details,228,7.5,"Literary Text: Language, Craft, and Structure",215,7.3,Informational Text: Key Ideas and Details,216,7.8,"Informational Text: Language, Craft, and Structure",222,7.3,Vocabulary: Acquisition and Use,215,7.4
Spring 2025-2026,AISA (sample data),AISA Demo School,Okafor,5A,D250013,Boateng,Kwame,5,Reading,Reading,Growth: Reading 2-5 CCSS 2010 V4,5/5/2026,35,200,3.0,32,4,600L,,Literary Text: Key Ideas and Details,201,7.6,"Literary Text: Language, Craft, and Structure",191,7.1,Informational Text: Key Ideas and Details,212,7.3,"Informational Text: Language, Craft, and Structure",203,7.7,Vocabulary: Acquisition and Use,188,7.5
Spring 2025-2026,AISA (sample data),AISA Demo School,Okafor,5A,D250023,Chatterjee,Kavya,5,Reading,Reading,Growth: Reading 2-5 CCSS 2010 V4,5/5/2026,35,199,3.3,30,3,585L,,Literary Text: Key Ideas and Details,203,7.0,"Literary Text: Language, Craft, and Structure",206,7.2,Informational Text: Key Ideas and Details,181,7.4,"Informational Text: Language, Craft, and Structure",204,7.7,Vocabulary: Acquisition and Use,203,7.3
Spring 2025-2026,AISA (sample data),AISA Demo School,Okafor,5A,D250014,Dubois,Chloé,5,Reading,Reading,Growth: Reading 2-5 CCSS 2010 V4,5/5/2026,45,218,3.2,72,0,895L,,Literary Text: Key Ideas and Details,211,7.4,"Literary Text: Language, Craft, and Structure",211,7.2,Informational Text: Key Ideas and Details,213,7.8,"Informational Text: Language, Craft, and Structure",220,7.0,Vocabulary: Acquisition and Use,232,7.6
Spring 2025-2026,AISA (sample data),AISA Demo School,Okafor,5A,D250006,Herrera,Santiago,5,Reading,Reading,Growth: Reading 2-5 CCSS 2010 V4,5/5/2026,45,208,3.2,50,0,730L,,Literary Text: Key Ideas and Details,212,7.1,"Literary Text: Language, Craft, and Structure",218,7.6,Informational Text: Key Ideas and Details,209,7.1,"Informational Text: Language, Craft, and Structure",206,7.4,Vocabulary: Acquisition and Use,198,7.8
Spring 2025-2026,AISA (sample data),AISA Demo School,Okafor,5A,D250003,Iyer,Priya,5,Reading,Reading,Growth: Reading 2-5 CCSS 2010 V4,5/5/2026,50,223,3.0,81,0,980L,,Literary Text: Key Ideas and Details,222,7.8,"Literary Text: Language, Craft, and Structure",228,7.7,Informational Text: Key Ideas and Details,207,7.3,"Informational Text: Language, Craft, and Structure",234,7.3,Vocabulary: Acquisition and Use,222,7.8
Spring 2025-2026,AISA (sample data),AISA Demo School,Okafor,5A,D250002,Khoury,Omar,5,Reading,Reading,Growth: Reading 2-5 CCSS 2010 V4,5/5/2026,27,206,3.8,45,18,700L,,Literary Text: Key Ideas and Details,209,8.3,"Literary Text: Language, Craft, and Structure",208,8.3,Informational Text: Key Ideas and Details,198,8.4,"Informational Text: Language, Craft, and Structure",211,8.4,Vocabulary: Acquisition and Use,205,8.0
Spring 2025-2026,AISA (sample data),AISA Demo School,Okafor,5A,D250001,Mensah,Amara,5,Reading,Reading,Growth: Reading 2-5 CCSS 2010 V4,5/5/2026,50,235,3.2,94,0,1180L,,Literary Text: Key Ideas and Details,248,7.6,"Literary Text: Language, Craft, and Structure",241,7.2,Informational Text: Key Ideas and Details,235,7.1,"Informational Text: Language, Craft, and Structure",220,7.8,Vocabulary: Acquisition and Use,232,7.7
Spring 2025-2026,AISA (sample data),AISA Demo School,Okafor,5A,D250019,Moyo,Tendai,5,Reading,Reading,Growth: Reading 2-5 CCSS 2010 V4,5/5/2026,75,244,3.2,98,0,1325L,,Literary Text: Key Ideas and Details,251,7.5,"Literary Text: Language, Craft, and Structure",250,7.7,Informational Text: Key Ideas and Details,245,7.5,"Informational Text: Language, Craft, and Structure",238,7.7,Vocabulary: Acquisition and Use,234,7.1
Spring 2025-2026,AISA (sample data),AISA Demo School,Okafor,5A,D250008,Müller,Lukas,5,Reading,Reading,Growth: Reading 2-5 CCSS 2010 V4,5/5/2026,47,226,3.1,86,0,1030L,,Literary Text: Key Ideas and Details,231,7.3,"Literary Text: Language, Craft, and Structure",218,7.2,Informational Text: Key Ideas and Details,240,7.5,"Informational Text: Language, Craft, and Structure",211,7.5,Vocabulary: Acquisition and Use,227,7.7
Spring 2025-2026,AISA (sample data),AISA Demo School,Okafor,5A,D250010,Nair,Arjun,5,Reading,Reading,Growth: Reading 2-5 CCSS 2010 V4,5/5/2026,52,193,3.1,19,0,485L,,Literary Text: Key Ideas and Details,202,7.0,"Literary Text: Language, Craft, and Structure",206,7.4,Informational Text: Key Ideas and Details,194,7.4,"Informational Text: Language, Craft, and Structure",186,7.5,Vocabulary: Acquisition and Use,183,7.4
Spring 2025-2026,AISA (sample data),AISA Demo School,Okafor,5A,D250011,Nakamura,Yuna,5,Reading,Reading,Growth: Reading 2-5 CCSS 2010 V4,5/5/2026,39,221,3.2,78,4,945L,,Literary Text: Key Ideas and Details,221,7.3,"Literary Text: Language, Craft, and Structure",224,7.3,Informational Text: Key Ideas and Details,217,7.1,"Informational Text: Language, Craft, and Structure",223,7.4,Vocabulary: Acquisition and Use,222,7.6
Spring 2025-2026,AISA (sample data),AISA Demo School,Okafor,5A,D250009,Nasser,Layla,5,Reading,Reading,Growth: Reading 2-5 CCSS 2010 V4,5/5/2026,35,240,3.3,97,6,1260L,,Literary Text: Key Ideas and Details,241,7.4,"Literary Text: Language, Craft, and Structure",236,7.7,Informational Text: Key Ideas and Details,246,7.5,"Informational Text: Language, Craft, and Structure",243,7.8,Vocabulary: Acquisition and Use,233,7.7
Spring 2025-2026,AISA (sample data),AISA Demo School,Okafor,5A,D250007,Nkosi,Zanele,5,Reading,Reading,Growth: Reading 2-5 CCSS 2010 V4,5/5/2026,43,226,3.1,86,0,1030L,,Literary Text: Key Ideas and Details,228,7.3,"Literary Text: Language, Craft, and Structure",218,7.7,Informational Text: Key Ideas and Details,222,7.6,"Informational Text: Language, Craft, and Structure",234,7.5,Vocabulary: Acquisition and Use,224,7.4
Spring 2025-2026,AISA (sample data),AISA Demo School,Okafor,5A,D250022,O'Donnell,Eoin,5,Reading,Reading,Growth: Reading 2-5 CCSS 2010 V4,5/5/2026,46,216,3.1,68,8,865L,,Literary Text: Key Ideas and Details,213,7.6,"Literary Text: Language, Craft, and Structure",216,7.1,Informational Text: Key Ideas and Details,228,7.3,"Informational Text: Language, Craft, and Structure",223,7.5,Vocabulary: Acquisition and Use,201,7.5
Spring 2025-2026,AISA (sample data),AISA Demo School,Okafor,5A,D250017,Park,Min-jun,5,Reading,Reading,Growth: Reading 2-5 CCSS 2010 V4,5/5/2026,37,216,3.1,68,3,865L,,Literary Text: Key Ideas and Details,221,7.3,"Literary Text: Language, Craft, and Structure",232,7.5,Informational Text: Key Ideas and Details,209,7.3,"Informational Text: Language, Craft, and Structure",197,7.2,Vocabulary: Acquisition and Use,218,7.4
Spring 2025-2026,AISA (sample data),AISA Demo School,Okafor,5A,D250015,Qureshi,Hamza,5,Reading,Reading,Growth: Reading 2-5 CCSS 2010 V4,5/5/2026,49,238,3.1,96,6,1225L,,Literary Text: Key Ideas and Details,255,7.1,"Literary Text: Language, Craft, and Structure",230,7.5,Informational Text: Key Ideas and Details,229,7.1,"Informational Text: Language, Craft, and Structure",242,7.6,Vocabulary: Acquisition and Use,235,7.7
Spring 2025-2026,AISA (sample data),AISA Demo School,Okafor,5A,D250018,Rojas,Valentina,5,Reading,Reading,Growth: Reading 2-5 CCSS 2010 V4,5/5/2026,53,214,3.0,64,6,830L,,Literary Text: Key Ideas and Details,212,7.2,"Literary Text: Language, Craft, and Structure",208,7.2,Informational Text: Key Ideas and Details,220,7.7,"Informational Text: Language, Craft, and Structure",217,7.6,Vocabulary: Acquisition and Use,215,7.2
Spring 2025-2026,AISA (sample data),AISA Demo School,Okafor,5A,D250005,Rossi,Elena,5,Reading,Reading,Growth: Reading 2-5 CCSS 2010 V4,5/5/2026,38,216,3.1,68,0,865L,,Literary Text: Key Ideas and Details,217,7.4,"Literary Text: Language, Craft, and Structure",210,7.7,Informational Text: Key Ideas and Details,217,7.5,"Informational Text: Language, Craft, and Structure",214,7.3,Vocabulary: Acquisition and Use,223,7.7
Spring 2025-2026,AISA (sample data),AISA Demo School,Okafor,5A,D250016,Schmidt,Freya,5,Reading,Reading,Growth: Reading 2-5 CCSS 2010 V4,5/5/2026,44,228,3.2,88,0,1060L,,Literary Text: Key Ideas and Details,229,7.1,"Literary Text: Language, Craft, and Structure",229,7.3,Informational Text: Key Ideas and Details,234,7.3,"Informational Text: Language, Craft, and Structure",229,7.2,Vocabulary: Acquisition and Use,222,7.3
Spring 2025-2026,AISA (sample data),AISA Demo School,Okafor,5A,D250004,Tanaka,Haruto,5,Reading,Reading,Growth: Reading 2-5 CCSS 2010 V4,5/5/2026,46,226,3.2,86,3,1030L,,Literary Text: Key Ideas and Details,209,7.2,"Literary Text: Language, Craft, and Structure",224,7.4,Informational Text: Key Ideas and Details,227,7.3,"Informational Text: Language, Craft, and Structure",238,7.8,Vocabulary: Acquisition and Use,231,7.1
Spring 2025-2026,AISA (sample data),AISA Demo School,Okafor,5A,D250012,Yılmaz,Aylin,5,Reading,Reading,Growth: Reading 2-5 CCSS 2010 V4,5/5/2026,52,238,3.4,96,8,1225L,,Literary Text: Key Ideas and Details,241,7.7,"Literary Text: Language, Craft, and Structure",237,7.1,Informational Text: Key Ideas and Details,237,7.2,"Informational Text: Language, Craft, and Structure",237,7.4,Vocabulary: Acquisition and Use,237,7.4
Spring 2025-2026,AISA (sample data),AISA Demo School,Okafor,5A,D250020,Andersson,Nils,5,Language Usage,Language Usage,Growth: Language 2-12 CCSS 2010 V2,5/7/2026,51,208,3.2,52,0,,,"Writing: Write, Revise Texts for Purpose and Audience",214,6.6,"Language: Understand, Edit for Grammar, Usage",204,6.4,"Language: Understand, Edit for Mechanics",205,6.4,,,,,,
Spring 2025-2026,AISA (sample data),AISA Demo School,Okafor,5A,D250021,Aziz,Mariam,5,Language Usage,Language Usage,Growth: Language 2-12 CCSS 2010 V2,5/7/2026,47,233,3.2,95,1,,,"Writing: Write, Revise Texts for Purpose and Audience",242,6.4,"Language: Understand, Edit for Grammar, Usage",239,6.5,"Language: Understand, Edit for Mechanics",217,6.1,,,,,,
Spring 2025-2026,AISA (sample data),AISA Demo School,Okafor,5A,D250013,Boateng,Kwame,5,Language Usage,Language Usage,Growth: Language 2-12 CCSS 2010 V2,5/7/2026,35,203,2.9,40,0,,,"Writing: Write, Revise Texts for Purpose and Audience",195,6.1,"Language: Understand, Edit for Grammar, Usage",203,6.5,"Language: Understand, Edit for Mechanics",212,6.2,,,,,,
Spring 2025-2026,AISA (sample data),AISA Demo School,Okafor,5A,D250023,Chatterjee,Kavya,5,Language Usage,Language Usage,Growth: Language 2-12 CCSS 2010 V2,5/7/2026,32,205,3.2,45,0,,,"Writing: Write, Revise Texts for Purpose and Audience",202,6.2,"Language: Understand, Edit for Grammar, Usage",209,6.3,"Language: Understand, Edit for Mechanics",203,6.2,,,,,,
Spring 2025-2026,AISA (sample data),AISA Demo School,Okafor,5A,D250014,Dubois,Chloé,5,Language Usage,Language Usage,Growth: Language 2-12 CCSS 2010 V2,5/7/2026,38,210,3.1,57,6,,,"Writing: Write, Revise Texts for Purpose and Audience",202,6.1,"Language: Understand, Edit for Grammar, Usage",215,6.4,"Language: Understand, Edit for Mechanics",212,5.9,,,,,,
Spring 2025-2026,AISA (sample data),AISA Demo School,Okafor,5A,D250006,Herrera,Santiago,5,Language Usage,Language Usage,Growth: Language 2-12 CCSS 2010 V2,5/7/2026,37,199,3.0,31,0,,,"Writing: Write, Revise Texts for Purpose and Audience",203,5.9,"Language: Understand, Edit for Grammar, Usage",190,6.3,"Language: Understand, Edit for Mechanics",205,6.0,,,,,,
Spring 2025-2026,AISA (sample data),AISA Demo School,Okafor,5A,D250003,Iyer,Priya,5,Language Usage,Language Usage,Growth: Language 2-12 CCSS 2010 V2,5/7/2026,35,204,2.9,43,0,,,"Writing: Write, Revise Texts for Purpose and Audience",203,6.0,"Language: Understand, Edit for Grammar, Usage",208,6.0,"Language: Understand, Edit for Mechanics",202,6.0,,,,,,
Spring 2025-2026,AISA (sample data),AISA Demo School,Okafor,5A,D250002,Khoury,Omar,5,Language Usage,Language Usage,Growth: Language 2-12 CCSS 2010 V2,5/7/2026,38,214,3.0,67,2,,,"Writing: Write, Revise Texts for Purpose and Audience",213,5.9,"Language: Understand, Edit for Grammar, Usage",217,6.1,"Language: Understand, Edit for Mechanics",211,6.5,,,,,,
Spring 2025-2026,AISA (sample data),AISA Demo School,Okafor,5A,D250001,Mensah,Amara,5,Language Usage,Language Usage,Growth: Language 2-12 CCSS 2010 V2,5/7/2026,51,232,3.2,94,0,,,"Writing: Write, Revise Texts for Purpose and Audience",223,6.2,"Language: Understand, Edit for Grammar, Usage",245,6.5,"Language: Understand, Edit for Mechanics",227,5.9,,,,,,
Spring 2025-2026,AISA (sample data),AISA Demo School,Okafor,5A,D250019,Moyo,Tendai,5,Language Usage,Language Usage,Growth: Language 2-12 CCSS 2010 V2,5/7/2026,58,219,3.3,77,0,,,"Writing: Write, Revise Texts for Purpose and Audience",220,6.5,"Language: Understand, Edit for Grammar, Usage",214,5.9,"Language: Understand, Edit for Mechanics",221,6.2,,,,,,
Spring 2025-2026,AISA (sample data),AISA Demo School,Okafor,5A,D250008,Müller,Lukas,5,Language Usage,Language Usage,Growth: Language 2-12 CCSS 2010 V2,5/7/2026,38,228,3.1,91,0,,,"Writing: Write, Revise Texts for Purpose and Audience",225,6.6,"Language: Understand, Edit for Grammar, Usage",232,6.2,"Language: Understand, Edit for Mechanics",227,6.5,,,,,,
Spring 2025-2026,AISA (sample data),AISA Demo School,Okafor,5A,D250010,Nair,Arjun,5,Language Usage,Language Usage,Growth: Language 2-12 CCSS 2010 V2,5/7/2026,49,173,3.2,2,0,,,"Writing: Write, Revise Texts for Purpose and Audience",173,6.5,"Language: Understand, Edit for Grammar, Usage",168,5.9,"Language: Understand, Edit for Mechanics",178,6.6,,,,,,
Spring 2025-2026,AISA (sample data),AISA Demo School,Okafor,5A,D250011,Nakamura,Yuna,5,Language Usage,Language Usage,Growth: Language 2-12 CCSS 2010 V2,5/7/2026,36,183,3.0,7,0,,,"Writing: Write, Revise Texts for Purpose and Audience",182,6.1,"Language: Understand, Edit for Grammar, Usage",186,6.1,"Language: Understand, Edit for Mechanics",183,6.1,,,,,,
Spring 2025-2026,AISA (sample data),AISA Demo School,Okafor,5A,D250009,Nasser,Layla,5,Language Usage,Language Usage,Growth: Language 2-12 CCSS 2010 V2,5/7/2026,31,230,3.3,92,0,,,"Writing: Write, Revise Texts for Purpose and Audience",227,6.4,"Language: Understand, Edit for Grammar, Usage",230,6.5,"Language: Understand, Edit for Mechanics",232,6.1,,,,,,
Spring 2025-2026,AISA (sample data),AISA Demo School,Okafor,5A,D250007,Nkosi,Zanele,5,Language Usage,Language Usage,Growth: Language 2-12 CCSS 2010 V2,5/7/2026,37,231,3.2,93,0,,,"Writing: Write, Revise Texts for Purpose and Audience",224,6.0,"Language: Understand, Edit for Grammar, Usage",248,6.1,"Language: Understand, Edit for Mechanics",221,6.2,,,,,,
Spring 2025-2026,AISA (sample data),AISA Demo School,Okafor,5A,D250022,O'Donnell,Eoin,5,Language Usage,Language Usage,Growth: Language 2-12 CCSS 2010 V2,5/7/2026,39,193,3.0,19,0,,,"Writing: Write, Revise Texts for Purpose and Audience",188,6.4,"Language: Understand, Edit for Grammar, Usage",204,5.8,"Language: Understand, Edit for Mechanics",189,6.1,,,,,,
Spring 2025-2026,AISA (sample data),AISA Demo School,Okafor,5A,D250017,Park,Min-jun,5,Language Usage,Language Usage,Growth: Language 2-12 CCSS 2010 V2,5/7/2026,36,233,3.2,95,0,,,"Writing: Write, Revise Texts for Purpose and Audience",232,6.0,"Language: Understand, Edit for Grammar, Usage",231,6.4,"Language: Understand, Edit for Mechanics",236,5.9,,,,,,
Spring 2025-2026,AISA (sample data),AISA Demo School,Okafor,5A,D250015,Qureshi,Hamza,5,Language Usage,Language Usage,Growth: Language 2-12 CCSS 2010 V2,5/7/2026,40,215,3.0,69,6,,,"Writing: Write, Revise Texts for Purpose and Audience",219,6.1,"Language: Understand, Edit for Grammar, Usage",216,6.6,"Language: Understand, Edit for Mechanics",209,6.0,,,,,,
Spring 2025-2026,AISA (sample data),AISA Demo School,Okafor,5A,D250018,Rojas,Valentina,5,Language Usage,Language Usage,Growth: Language 2-12 CCSS 2010 V2,5/7/2026,50,195,3.0,23,0,,,"Writing: Write, Revise Texts for Purpose and Audience",191,6.2,"Language: Understand, Edit for Grammar, Usage",200,6.5,"Language: Understand, Edit for Mechanics",194,6.6,,,,,,
Spring 2025-2026,AISA (sample data),AISA Demo School,Okafor,5A,D250005,Rossi,Elena,5,Language Usage,Language Usage,Growth: Language 2-12 CCSS 2010 V2,5/7/2026,40,209,2.9,55,0,,,"Writing: Write, Revise Texts for Purpose and Audience",200,6.2,"Language: Understand, Edit for Grammar, Usage",212,6.1,"Language: Understand, Edit for Mechanics",216,6.3,,,,,,
Spring 2025-2026,AISA (sample data),AISA Demo School,Okafor,5A,D250016,Schmidt,Freya,5,Language Usage,Language Usage,Growth: Language 2-12 CCSS 2010 V2,5/7/2026,19,214,3.1,67,6,,,"Writing: Write, Revise Texts for Purpose and Audience",221,6.5,"Language: Understand, Edit for Grammar, Usage",206,6.5,"Language: Understand, Edit for Mechanics",218,6.0,,,,,,
Spring 2025-2026,AISA (sample data),AISA Demo School,Okafor,5A,D250004,Tanaka,Haruto,5,Language Usage,Language Usage,Growth: Language 2-12 CCSS 2010 V2,5/7/2026,40,229,3.1,92,0,,,"Writing: Write, Revise Texts for Purpose and Audience",225,5.9,"Language: Understand, Edit for Grammar, Usage",234,6.5,"Language: Understand, Edit for Mechanics",225,6.2,,,,,,
Spring 2025-2026,AISA (sample data),AISA Demo School,Okafor,5A,D250012,Yılmaz,Aylin,5,Language Usage,Language Usage,Growth: Language 2-12 CCSS 2010 V2,5/7/2026,44,239,3.0,98,0,,,"Writing: Write, Revise Texts for Purpose and Audience",245,6.3,"Language: Understand, Edit for Grammar, Usage",234,6.5,"Language: Understand, Edit for Mechanics",239,6.1,,,,,,
Spring 2025-2026,AISA (sample data),AISA Demo School,Okafor,5A,D250020,Andersson,Nils,5,Mathematics,Math K-12,Growth: Math 2-5 CCSS 2010 V2,5/12/2026,63,245,3.1,95,0,,1240Q,Operations and Algebraic Thinking,258,7.0,Number and Operations,235,7.0,Measurement and Data,238,6.4,Geometry,249,6.5,,,
Spring 2025-2026,AISA (sample data),AISA Demo School,Okafor,5A,D250021,Aziz,Mariam,5,Mathematics,Math K-12,Growth: Math 2-5 CCSS 2010 V2,5/12/2026,55,214,3.1,46,0,,775Q,Operations and Algebraic Thinking,222,6.6,Number and Operations,223,7.0,Measurement and Data,204,6.7,Geometry,207,6.4,,,
Spring 2025-2026,AISA (sample data),AISA Demo School,Okafor,5A,D250013,Boateng,Kwame,5,Mathematics,Math K-12,Growth: Math 2-5 CCSS 2010 V2,5/12/2026,46,201,3.0,20,0,,580Q,Operations and Algebraic Thinking,200,6.6,Number and Operations,209,6.6,Measurement and Data,196,6.7,Geometry,197,6.8,,,
Spring 2025-2026,AISA (sample data),AISA Demo School,Okafor,5A,D250023,Chatterjee,Kavya,5,Mathematics,Math K-12,Growth: Math 2-5 CCSS 2010 V2,5/12/2026,49,205,3.0,27,0,,640Q,Operations and Algebraic Thinking,210,6.6,Number and Operations,196,6.5,Measurement and Data,210,6.6,Geometry,205,6.7,,,
Spring 2025-2026,AISA (sample data),AISA Demo School,Okafor,5A,D250014,Dubois,Chloé,5,Mathematics,Math K-12,Growth: Math 2-5 CCSS 2010 V2,5/12/2026,41,202,3.2,22,0,,595Q,Operations and Algebraic Thinking,196,6.8,Number and Operations,194,6.2,Measurement and Data,211,6.6,Geometry,206,6.2,,,
Spring 2025-2026,AISA (sample data),AISA Demo School,Okafor,5A,D250006,Herrera,Santiago,5,Mathematics,Math K-12,Growth: Math 2-5 CCSS 2010 V2,5/12/2026,51,232,3.0,81,0,,1045Q,Operations and Algebraic Thinking,231,6.8,Number and Operations,239,6.9,Measurement and Data,225,6.4,Geometry,230,6.5,,,
Spring 2025-2026,AISA (sample data),AISA Demo School,Okafor,5A,D250003,Iyer,Priya,5,Mathematics,Math K-12,Growth: Math 2-5 CCSS 2010 V2,5/12/2026,54,239,3.0,90,0,,1150Q,Operations and Algebraic Thinking,244,7.0,Number and Operations,239,6.6,Measurement and Data,235,7.0,Geometry,241,6.7,,,
Spring 2025-2026,AISA (sample data),AISA Demo School,Okafor,5A,D250002,Khoury,Omar,5,Mathematics,Math K-12,Growth: Math 2-5 CCSS 2010 V2,5/12/2026,52,231,3.2,80,0,,1030Q,Operations and Algebraic Thinking,241,6.8,Number and Operations,215,6.2,Measurement and Data,233,6.3,Geometry,232,7.0,,,
Spring 2025-2026,AISA (sample data),AISA Demo School,Okafor,5A,D250001,Mensah,Amara,5,Mathematics,Math K-12,Growth: Math 2-5 CCSS 2010 V2,5/12/2026,64,254,3.2,98,8,,1375Q,Operations and Algebraic Thinking,249,6.5,Number and Operations,257,6.3,Measurement and Data,260,6.2,Geometry,254,6.9,,,
Spring 2025-2026,AISA (sample data),AISA Demo School,Okafor,5A,D250019,Moyo,Tendai,5,Mathematics,Math K-12,Growth: Math 2-5 CCSS 2010 V2,5/12/2026,71,237,3.2,88,0,,1120Q,Operations and Algebraic Thinking,255,6.6,Number and Operations,241,6.5,Measurement and Data,229,6.7,Geometry,226,6.2,,,
Spring 2025-2026,AISA (sample data),AISA Demo School,Okafor,5A,D250008,Müller,Lukas,5,Mathematics,Math K-12,Growth: Math 2-5 CCSS 2010 V2,5/12/2026,48,233,3.1,83,3,,1060Q,Operations and Algebraic Thinking,228,6.7,Number and Operations,235,6.7,Measurement and Data,230,6.8,Geometry,237,6.3,,,
Spring 2025-2026,AISA (sample data),AISA Demo School,Okafor,5A,D250010,Nair,Arjun,5,Mathematics,Math K-12,Growth: Math 2-5 CCSS 2010 V2,5/12/2026,58,206,3.0,29,0,,655Q,Operations and Algebraic Thinking,210,6.8,Number and Operations,216,6.5,Measurement and Data,194,6.3,Geometry,203,6.9,,,
Spring 2025-2026,AISA (sample data),AISA Demo School,Okafor,5A,D250011,Nakamura,Yuna,5,Mathematics,Math K-12,Growth: Math 2-5 CCSS 2010 V2,5/12/2026,41,210,3.0,37,8,,715Q,Operations and Algebraic Thinking,210,6.9,Number and Operations,205,6.3,Measurement and Data,211,6.2,Geometry,211,6.2,,,
Spring 2025-2026,AISA (sample data),AISA Demo School,Okafor,5A,D250009,Nasser,Layla,5,Mathematics,Math K-12,Growth: Math 2-5 CCSS 2010 V2,5/12/2026,40,233,3.0,83,0,,1060Q,Operations and Algebraic Thinking,231,6.6,Number and Operations,243,6.2,Measurement and Data,225,6.8,Geometry,231,6.3,,,
Spring 2025-2026,AISA (sample data),AISA Demo School,Okafor,5A,D250007,Nkosi,Zanele,5,Mathematics,Math K-12,Growth: Math 2-5 CCSS 2010 V2,5/12/2026,43,235,3.0,85,8,,1090Q,Operations and Algebraic Thinking,233,6.4,Number and Operations,232,6.6,Measurement and Data,230,7.0,Geometry,246,6.8,,,
Spring 2025-2026,AISA (sample data),AISA Demo School,Okafor,5A,D250022,O'Donnell,Eoin,5,Mathematics,Math K-12,Growth: Math 2-5 CCSS 2010 V2,5/12/2026,51,216,3.0,50,4,,805Q,Operations and Algebraic Thinking,218,6.9,Number and Operations,208,6.5,Measurement and Data,216,6.8,Geometry,220,6.7,,,
Spring 2025-2026,AISA (sample data),AISA Demo School,Okafor,5A,D250017,Park,Min-jun,5,Mathematics,Math K-12,Growth: Math 2-5 CCSS 2010 V2,5/12/2026,46,200,3.0,19,4,,565Q,Operations and Algebraic Thinking,191,6.3,Number and Operations,200,6.6,Measurement and Data,207,6.6,Geometry,201,6.3,,,
Spring 2025-2026,AISA (sample data),AISA Demo School,Okafor,5A,D250015,Qureshi,Hamza,5,Mathematics,Math K-12,Growth: Math 2-5 CCSS 2010 V2,5/12/2026,51,230,3.1,78,1,,1015Q,Operations and Algebraic Thinking,236,6.7,Number and Operations,230,6.5,Measurement and Data,224,6.5,Geometry,232,7.0,,,
Spring 2025-2026,AISA (sample data),AISA Demo School,Okafor,5A,D250018,Rojas,Valentina,5,Mathematics,Math K-12,Growth: Math 2-5 CCSS 2010 V2,5/12/2026,66,223,3.1,65,0,,910Q,Operations and Algebraic Thinking,225,6.9,Number and Operations,225,6.6,Measurement and Data,223,6.6,Geometry,219,6.6,,,
Spring 2025-2026,AISA (sample data),AISA Demo School,Okafor,5A,D250005,Rossi,Elena,5,Mathematics,Math K-12,Growth: Math 2-5 CCSS 2010 V2,5/12/2026,45,217,3.0,52,0,,820Q,Operations and Algebraic Thinking,221,6.8,Number and Operations,221,6.2,Measurement and Data,206,6.7,Geometry,221,6.2,,,
Spring 2025-2026,AISA (sample data),AISA Demo School,Okafor,5A,D250016,Schmidt,Freya,5,Mathematics,Math K-12,Growth: Math 2-5 CCSS 2010 V2,5/12/2026,62,222,3.1,63,3,,895Q,Operations and Algebraic Thinking,234,6.8,Number and Operations,221,6.5,Measurement and Data,194,6.6,Geometry,235,6.5,,,
Spring 2025-2026,AISA (sample data),AISA Demo School,Okafor,5A,D250004,Tanaka,Haruto,5,Mathematics,Math K-12,Growth: Math 2-5 CCSS 2010 V2,5/12/2026,50,243,3.1,93,3,,1210Q,Operations and Algebraic Thinking,249,6.5,Number and Operations,248,6.4,Measurement and Data,234,6.2,Geometry,242,6.7,,,
Spring 2025-2026,AISA (sample data),AISA Demo School,Okafor,5A,D250012,Yılmaz,Aylin,5,Mathematics,Math K-12,Growth: Math 2-5 CCSS 2010 V2,5/12/2026,52,248,3.1,96,0,,1285Q,Operations and Algebraic Thinking,252,6.8,Number and Operations,256,6.9,Measurement and Data,242,6.5,Geometry,241,6.9,,,
Spring 2025-2026,AISA (sample data),AISA Demo School,Okafor,5A,D250020,Andersson,Nils,5,Science,Science K-12,Growth: Science 3-5 for use with NGSS 2013,5/14/2026,54,233,3.0,97,0,,,Life Science,238,6.2,Earth and Space Science,232,6.5,Physical Science,229,6.5,,,,,,
Spring 2025-2026,AISA (sample data),AISA Demo School,Okafor,5A,D250021,Aziz,Mariam,5,Science,Science K-12,Growth: Science 3-5 for use with NGSS 2013,5/14/2026,39,238,3.2,99,0,,,Life Science,233,6.8,Earth and Space Science,239,6.8,Physical Science,242,6.1,,,,,,
Spring 2025-2026,AISA (sample data),AISA Demo School,Okafor,5A,D250013,Boateng,Kwame,5,Science,Science K-12,Growth: Science 3-5 for use with NGSS 2013,5/14/2026,37,190,3.4,11,4,,,Life Science,192,6.0,Earth and Space Science,182,6.5,Physical Science,197,6.6,,,,,,
Spring 2025-2026,AISA (sample data),AISA Demo School,Okafor,5A,D250023,Chatterjee,Kavya,5,Science,Science K-12,Growth: Science 3-5 for use with NGSS 2013,5/14/2026,33,211,3.1,61,0,,,Life Science,207,6.3,Earth and Space Science,211,6.2,Physical Science,217,6.7,,,,,,
Spring 2025-2026,AISA (sample data),AISA Demo School,Okafor,5A,D250014,Dubois,Chloé,5,Science,Science K-12,Growth: Science 3-5 for use with NGSS 2013,5/14/2026,32,203,3.2,39,2,,,Life Science,208,6.1,Earth and Space Science,198,6.2,Physical Science,202,6.7,,,,,,
Spring 2025-2026,AISA (sample data),AISA Demo School,Okafor,5A,D250006,Herrera,Santiago,5,Science,Science K-12,Growth: Science 3-5 for use with NGSS 2013,5/14/2026,38,216,3.0,74,0,,,Life Science,208,6.4,Earth and Space Science,213,6.3,Physical Science,226,6.2,,,,,,
Spring 2025-2026,AISA (sample data),AISA Demo School,Okafor,5A,D250003,Iyer,Priya,5,Science,Science K-12,Growth: Science 3-5 for use with NGSS 2013,5/14/2026,39,212,3.1,64,0,,,Life Science,213,6.3,Earth and Space Science,202,6.5,Physical Science,220,6.6,,,,,,
Spring 2025-2026,AISA (sample data),AISA Demo School,Okafor,5A,D250002,Khoury,Omar,5,Science,Science K-12,Growth: Science 3-5 for use with NGSS 2013,5/14/2026,36,217,2.8,76,0,,,Life Science,222,6.2,Earth and Space Science,212,6.5,Physical Science,216,6.4,,,,,,
Spring 2025-2026,AISA (sample data),AISA Demo School,Okafor,5A,D250001,Mensah,Amara,5,Science,Science K-12,Growth: Science 3-5 for use with NGSS 2013,5/14/2026,43,233,3.4,97,0,,,Life Science,231,6.3,Earth and Space Science,228,6.6,Physical Science,239,6.4,,,,,,
Spring 2025-2026,AISA (sample data),AISA Demo School,Okafor,5A,D250008,Müller,Lukas,5,Science,Science K-12,Growth: Science 3-5 for use with NGSS 2013,5/14/2026,32,224,3.2,89,0,,,Life Science,227,6.3,Earth and Space Science,227,6.6,Physical Science,219,6.4,,,,,,
Spring 2025-2026,AISA (sample data),AISA Demo School,Okafor,5A,D250010,Nair,Arjun,5,Science,Science K-12,Growth: Science 3-5 for use with NGSS 2013,5/14/2026,41,185,3.2,6,0,,,Life Science,189,6.5,Earth and Space Science,180,6.6,Physical Science,186,6.3,,,,,,
Spring 2025-2026,AISA (sample data),AISA Demo School,Okafor,5A,D250011,Nakamura,Yuna,5,Science,Science K-12,Growth: Science 3-5 for use with NGSS 2013,5/14/2026,36,195,3.0,20,0,,,Life Science,205,6.3,Earth and Space Science,197,6.3,Physical Science,183,6.5,,,,,,
Spring 2025-2026,AISA (sample data),AISA Demo School,Okafor,5A,D250009,Nasser,Layla,5,Science,Science K-12,Growth: Science 3-5 for use with NGSS 2013,5/14/2026,28,228,3.2,93,0,,,Life Science,236,6.4,Earth and Space Science,216,6.6,Physical Science,234,6.1,,,,,,
Spring 2025-2026,AISA (sample data),AISA Demo School,Okafor,5A,D250007,Nkosi,Zanele,5,Science,Science K-12,Growth: Science 3-5 for use with NGSS 2013,5/14/2026,37,221,3.1,84,1,,,Life Science,224,6.8,Earth and Space Science,225,6.0,Physical Science,215,6.2,,,,,,
Spring 2025-2026,AISA (sample data),AISA Demo School,Okafor,5A,D250022,O'Donnell,Eoin,5,Science,Science K-12,Growth: Science 3-5 for use with NGSS 2013,5/14/2026,39,196,3.1,22,0,,,Life Science,189,6.7,Earth and Space Science,197,6.4,Physical Science,200,6.1,,,,,,
Spring 2025-2026,AISA (sample data),AISA Demo School,Okafor,5A,D250017,Park,Min-jun,5,Science,Science K-12,Growth: Science 3-5 for use with NGSS 2013,5/14/2026,38,212,3.2,64,0,,,Life Science,208,6.2,Earth and Space Science,218,6.7,Physical Science,205,6.7,,,,,,
Spring 2025-2026,AISA (sample data),AISA Demo School,Okafor,5A,D250015,Qureshi,Hamza,5,Science,Science K-12,Growth: Science 3-5 for use with NGSS 2013,5/14/2026,39,222,3.2,86,0,,,Life Science,227,6.4,Earth and Space Science,219,6.8,Physical Science,221,6.7,,,,,,
Spring 2025-2026,AISA (sample data),AISA Demo School,Okafor,5A,D250018,Rojas,Valentina,5,Science,Science K-12,Growth: Science 3-5 for use with NGSS 2013,5/14/2026,45,214,3.0,69,3,,,Life Science,221,6.0,Earth and Space Science,205,6.0,Physical Science,218,6.3,,,,,,
Spring 2025-2026,AISA (sample data),AISA Demo School,Okafor,5A,D250005,Rossi,Elena,5,Science,Science K-12,Growth: Science 3-5 for use with NGSS 2013,5/14/2026,29,219,3.0,80,3,,,Life Science,212,6.4,Earth and Space Science,213,6.4,Physical Science,231,6.0,,,,,,
Spring 2025-2026,AISA (sample data),AISA Demo School,Okafor,5A,D250016,Schmidt,Freya,5,Science,Science K-12,Growth: Science 3-5 for use with NGSS 2013,5/14/2026,37,219,3.3,80,0,,,Life Science,209,6.6,Earth and Space Science,219,6.3,Physical Science,229,6.1,,,,,,
Spring 2025-2026,AISA (sample data),AISA Demo School,Okafor,5A,D250004,Tanaka,Haruto,5,Science,Science K-12,Growth: Science 3-5 for use with NGSS 2013,5/14/2026,40,208,2.9,53,1,,,Life Science,209,6.7,Earth and Space Science,205,6.7,Physical Science,210,6.0,,,,,,
Spring 2025-2026,AISA (sample data),AISA Demo School,Okafor,5A,D250012,Yılmaz,Aylin,5,Science,Science K-12,Growth: Science 3-5 for use with NGSS 2013,5/14/2026,44,225,3.1,90,5,,,Life Science,217,6.6,Earth and Space Science,225,6.3,Physical Science,233,6.3,,,,,,
Spring 2025-2026,AISA (sample data),AISA Demo School,Lindqvist,5B,D250041,Asante,Kofi,5,Reading,Reading,Growth: Reading 2-5 CCSS 2010 V4,5/5/2026,45,235,3.2,94,0,1180L,,Literary Text: Key Ideas and Details,233,7.5,"Literary Text: Language, Craft, and Structure",235,7.3,Informational Text: Key Ideas and Details,238,7.2,"Informational Text: Language, Craft, and Structure",245,7.2,Vocabulary: Acquisition and Use,222,7.3
Spring 2025-2026,AISA (sample data),AISA Demo School,Lindqvist,5B,D250045,Bennett,Oliver,5,Reading,Reading,Growth: Reading 2-5 CCSS 2010 V4,5/5/2026,56,221,3.0,78,1,945L,,Literary Text: Key Ideas and Details,221,7.6,"Literary Text: Language, Craft, and Structure",222,7.7,Informational Text: Key Ideas and Details,231,7.5,"Informational Text: Language, Craft, and Structure",211,7.6,Vocabulary: Acquisition and Use,219,7.1
Spring 2025-2026,AISA (sample data),AISA Demo School,Lindqvist,5B,D250026,Bianchi,Matteo,5,Reading,Reading,Growth: Reading 2-5 CCSS 2010 V4,5/5/2026,58,225,3.3,84,0,1015L,,Literary Text: Key Ideas and Details,233,7.1,"Literary Text: Language, Craft, and Structure",228,7.6,Informational Text: Key Ideas and Details,215,7.1,"Informational Text: Language, Craft, and Structure",232,7.6,Vocabulary: Acquisition and Use,216,7.5
Spring 2025-2026,AISA (sample data),AISA Demo School,Lindqvist,5B,D250040,Campbell,Isla,5,Reading,Reading,Growth: Reading 2-5 CCSS 2010 V4,5/5/2026,55,214,2.9,64,0,830L,,Literary Text: Key Ideas and Details,218,7.7,"Literary Text: Language, Craft, and Structure",216,7.7,Informational Text: Key Ideas and Details,221,7.2,"Informational Text: Language, Craft, and Structure",215,7.7,Vocabulary: Acquisition and Use,204,7.5
Spring 2025-2026,AISA (sample data),AISA Demo School,Lindqvist,5B,D250029,Castillo,Camila,5,Reading,Reading,Growth: Reading 2-5 CCSS 2010 V4,5/5/2026,45,208,3.0,50,0,730L,,Literary Text: Key Ideas and Details,210,7.4,"Literary Text: Language, Craft, and Structure",213,7.2,Informational Text: Key Ideas and Details,207,7.5,"Informational Text: Language, Craft, and Structure",207,7.7,Vocabulary: Acquisition and Use,203,7.5
Spring 2025-2026,AISA (sample data),AISA Demo School,Lindqvist,5B,D250042,Darwish,Salma,5,Reading,Reading,Growth: Reading 2-5 CCSS 2010 V4,5/19/2026,75,210,3.1,55,0,765L,,Literary Text: Key Ideas and Details,191,7.3,"Literary Text: Language, Craft, and Structure",206,7.0,Informational Text: Key Ideas and Details,220,7.6,"Informational Text: Language, Craft, and Structure",226,7.4,Vocabulary: Acquisition and Use,207,7.1
Spring 2025-2026,AISA (sample data),AISA Demo School,Lindqvist,5B,D250034,Dlamini,Thandiwe,5,Reading,Reading,Growth: Reading 2-5 CCSS 2010 V4,5/5/2026,37,204,3.2,41,0,665L,,Literary Text: Key Ideas and Details,205,7.3,"Literary Text: Language, Craft, and Structure",212,7.8,Informational Text: Key Ideas and Details,203,7.7,"Informational Text: Language, Craft, and Structure",200,7.6,Vocabulary: Acquisition and Use,199,7.7
Spring 2025-2026,AISA (sample data),AISA Demo School,Lindqvist,5B,D250033,Farouk,Noor,5,Reading,Reading,Growth: Reading 2-5 CCSS 2010 V4,5/5/2026,50,209,2.9,52,0,750L,,Literary Text: Key Ideas and Details,209,7.2,"Literary Text: Language, Craft, and Structure",208,7.4,Informational Text: Key Ideas and Details,209,7.6,"Informational Text: Language, Craft, and Structure",206,7.3,Vocabulary: Acquisition and Use,212,7.4
Spring 2025-2026,AISA (sample data),AISA Demo School,Lindqvist,5B,D250031,Jansen,Anouk,5,Reading,Reading,Growth: Reading 2-5 CCSS 2010 V4,5/5/2026,70,242,3.2,98,0,1295L,,Literary Text: Key Ideas and Details,229,7.5,"Literary Text: Language, Craft, and Structure",245,7.5,Informational Text: Key Ideas and Details,249,7.5,"Informational Text: Language, Craft, and Structure",245,7.1,Vocabulary: Acquisition and Use,243,7.2
Spring 2025-2026,AISA (sample data),AISA Demo School,Lindqvist,5B,D250030,Karimi,Dariush,5,Reading,Reading,Growth: Reading 2-5 CCSS 2010 V4,5/5/2026,34,207,3.0,48,0,715L,,Literary Text: Key Ideas and Details,206,7.6,"Literary Text: Language, Craft, and Structure",217,7.7,Informational Text: Key Ideas and Details,208,7.7,"Informational Text: Language, Craft, and Structure",203,7.0,Vocabulary: Acquisition and Use,199,7.3
Spring 2025-2026,AISA (sample data),AISA Demo School,Lindqvist,5B,D250025,Kim,Seo-yeon,5,Reading,Reading,Growth: Reading 2-5 CCSS 2010 V4,5/5/2026,48,207,3.1,48,0,715L,,Literary Text: Key Ideas and Details,203,7.7,"Literary Text: Language, Craft, and Structure",217,7.1,Informational Text: Key Ideas and Details,205,7.6,"Informational Text: Language, Craft, and Structure",202,7.7,Vocabulary: Acquisition and Use,206,7.6
Spring 2025-2026,AISA (sample data),AISA Demo School,Lindqvist,5B,D250024,Mansour,Karim,5,Reading,Reading,Growth: Reading 2-5 CCSS 2010 V4,5/5/2026,46,196,3.1,24,2,535L,,Literary Text: Key Ideas and Details,203,7.5,"Literary Text: Language, Craft, and Structure",201,7.2,Informational Text: Key Ideas and Details,201,7.6,"Informational Text: Language, Craft, and Structure",189,7.0,Vocabulary: Acquisition and Use,189,7.4
Spring 2025-2026,AISA (sample data),AISA Demo School,Lindqvist,5B,D250028,Menon,Rohan,5,Reading,Reading,Growth: Reading 2-5 CCSS 2010 V4,5/5/2026,50,207,3.0,48,0,715L,,Literary Text: Key Ideas and Details,206,7.7,"Literary Text: Language, Craft, and Structure",198,7.4,Informational Text: Key Ideas and Details,211,7.1,"Informational Text: Language, Craft, and Structure",206,7.8,Vocabulary: Acquisition and Use,211,7.7
Spring 2025-2026,AISA (sample data),AISA Demo School,Lindqvist,5B,D250037,Novak,Tomas,5,Reading,Reading,Growth: Reading 2-5 CCSS 2010 V4,5/5/2026,44,199,3.1,30,0,585L,,Literary Text: Key Ideas and Details,186,7.5,"Literary Text: Language, Craft, and Structure",197,7.6,Informational Text: Key Ideas and Details,211,7.3,"Informational Text: Language, Craft, and Structure",198,7.4,Vocabulary: Acquisition and Use,201,7.3
Spring 2025-2026,AISA (sample data),AISA Demo School,Lindqvist,5B,D250027,Nwosu,Adaeze,5,Reading,Reading,Growth: Reading 2-5 CCSS 2010 V4,5/5/2026,40,211,2.9,57,0,780L,,Literary Text: Key Ideas and Details,207,7.4,"Literary Text: Language, Craft, and Structure",208,7.0,Informational Text: Key Ideas and Details,202,7.4,"Informational Text: Language, Craft, and Structure",219,7.1,Vocabulary: Acquisition and Use,213,7.6
Spring 2025-2026,AISA (sample data),AISA Demo School,Lindqvist,5B,D250036,Reddy,Ananya,5,Reading,Reading,Growth: Reading 2-5 CCSS 2010 V4,5/20/2026,53,224,3.0,83,0,995L,,Literary Text: Key Ideas and Details,217,7.7,"Literary Text: Language, Craft, and Structure",215,7.1,Informational Text: Key Ideas and Details,229,7.1,"Informational Text: Language, Craft, and Structure",231,7.0,Vocabulary: Acquisition and Use,230,7.1
Spring 2025-2026,AISA (sample data),AISA Demo School,Lindqvist,5B,D250032,Sato,Kenji,5,Reading,Reading,Growth: Reading 2-5 CCSS 2010 V4,5/5/2026,45,212,2.9,59,1,800L,,Literary Text: Key Ideas and Details,223,7.4,"Literary Text: Language, Craft, and Structure",208,7.5,Informational Text: Key Ideas and Details,198,7.5,"Informational Text: Language, Craft, and Structure",215,7.8,Vocabulary: Acquisition and Use,214,7.3
Spring 2025-2026,AISA (sample data),AISA Demo School,Lindqvist,5B,D250043,Silva,Mateus,5,Reading,Reading,Growth: Reading 2-5 CCSS 2010 V4,5/5/2026,49,194,3.1,21,0,500L,,Literary Text: Key Ideas and Details,183,7.1,"Literary Text: Language, Craft, and Structure",206,7.7,Informational Text: Key Ideas and Details,189,7.2,"Informational Text: Language, Craft, and Structure",202,7.6,Vocabulary: Acquisition and Use,190,7.5
Spring 2025-2026,AISA (sample data),AISA Demo School,Lindqvist,5B,D250038,Tran,Linh,5,Reading,Reading,Growth: Reading 2-5 CCSS 2010 V4,5/5/2026,34,253,3.4,99,0,1475L,,Literary Text: Key Ideas and Details,248,7.4,"Literary Text: Language, Craft, and Structure",245,7.2,Informational Text: Key Ideas and Details,246,7.5,"Informational Text: Language, Craft, and Structure",264,7.1,Vocabulary: Acquisition and Use,260,7.3
Spring 2025-2026,AISA (sample data),AISA Demo School,Lindqvist,5B,D250035,Vargas,Diego,5,Reading,Reading,Growth: Reading 2-5 CCSS 2010 V4,5/5/2026,47,213,3.0,62,0,815L,,Literary Text: Key Ideas and Details,211,7.6,"Literary Text: Language, Craft, and Structure",219,7.2,Informational Text: Key Ideas and Details,218,7.5,"Informational Text: Language, Craft, and Structure",217,7.8,Vocabulary: Acquisition and Use,200,7.5
Spring 2025-2026,AISA (sample data),AISA Demo School,Lindqvist,5B,D250044,Yamamoto,Hana,5,Reading,Reading,Growth: Reading 2-5 CCSS 2010 V4,5/19/2026,35,215,2.9,66,0,850L,,Literary Text: Key Ideas and Details,213,7.2,"Literary Text: Language, Craft, and Structure",214,7.4,Informational Text: Key Ideas and Details,209,7.5,"Informational Text: Language, Craft, and Structure",219,7.2,Vocabulary: Acquisition and Use,220,7.8
Spring 2025-2026,AISA (sample data),AISA Demo School,Lindqvist,5B,D250041,Asante,Kofi,5,Language Usage,Language Usage,Growth: Language 2-12 CCSS 2010 V2,5/7/2026,47,214,3.2,67,7,,,"Writing: Write, Revise Texts for Purpose and Audience",205,6.4,"Language: Understand, Edit for Grammar, Usage",223,6.2,"Language: Understand, Edit for Mechanics",214,5.9,,,,,,
Spring 2025-2026,AISA (sample data),AISA Demo School,Lindqvist,5B,D250045,Bennett,Oliver,5,Language Usage,Language Usage,Growth: Language 2-12 CCSS 2010 V2,5/7/2026,49,221,3.1,81,8,,,"Writing: Write, Revise Texts for Purpose and Audience",218,6.3,"Language: Understand, Edit for Grammar, Usage",225,6.2,"Language: Understand, Edit for Mechanics",218,5.9,,,,,,
Spring 2025-2026,AISA (sample data),AISA Demo School,Lindqvist,5B,D250026,Bianchi,Matteo,5,Language Usage,Language Usage,Growth: Language 2-12 CCSS 2010 V2,5/7/2026,48,244,3.3,99,0,,,"Writing: Write, Revise Texts for Purpose and Audience",240,5.9,"Language: Understand, Edit for Grammar, Usage",253,6.3,"Language: Understand, Edit for Mechanics",239,6.1,,,,,,
Spring 2025-2026,AISA (sample data),AISA Demo School,Lindqvist,5B,D250040,Campbell,Isla,5,Language Usage,Language Usage,Growth: Language 2-12 CCSS 2010 V2,5/7/2026,47,210,2.9,57,0,,,"Writing: Write, Revise Texts for Purpose and Audience",209,6.5,"Language: Understand, Edit for Grammar, Usage",211,6.3,"Language: Understand, Edit for Mechanics",212,5.9,,,,,,
Spring 2025-2026,AISA (sample data),AISA Demo School,Lindqvist,5B,D250029,Castillo,Camila,5,Language Usage,Language Usage,Growth: Language 2-12 CCSS 2010 V2,5/7/2026,46,187,3.0,11,2,,,"Writing: Write, Revise Texts for Purpose and Audience",185,6.3,"Language: Understand, Edit for Grammar, Usage",183,5.8,"Language: Understand, Edit for Mechanics",195,6.5,,,,,,
Spring 2025-2026,AISA (sample data),AISA Demo School,Lindqvist,5B,D250042,Darwish,Salma,5,Language Usage,Language Usage,Growth: Language 2-12 CCSS 2010 V2,5/20/2026,63,201,3.1,35,0,,,"Writing: Write, Revise Texts for Purpose and Audience",194,5.9,"Language: Understand, Edit for Grammar, Usage",204,6.0,"Language: Understand, Edit for Mechanics",203,6.6,,,,,,
Spring 2025-2026,AISA (sample data),AISA Demo School,Lindqvist,5B,D250039,Demir,Emir,5,Language Usage,Language Usage,Growth: Language 2-12 CCSS 2010 V2,5/7/2026,44,210,3.1,57,1,,,"Writing: Write, Revise Texts for Purpose and Audience",206,6.5,"Language: Understand, Edit for Grammar, Usage",218,6.4,"Language: Understand, Edit for Mechanics",204,6.1,,,,,,
Spring 2025-2026,AISA (sample data),AISA Demo School,Lindqvist,5B,D250034,Dlamini,Thandiwe,5,Language Usage,Language Usage,Growth: Language 2-12 CCSS 2010 V2,5/7/2026,31,201,3.2,35,0,,,"Writing: Write, Revise Texts for Purpose and Audience",188,5.8,"Language: Understand, Edit for Grammar, Usage",200,5.9,"Language: Understand, Edit for Mechanics",217,6.2,,,,,,
Spring 2025-2026,AISA (sample data),AISA Demo School,Lindqvist,5B,D250033,Farouk,Noor,5,Language Usage,Language Usage,Growth: Language 2-12 CCSS 2010 V2,5/7/2026,32,230,3.1,92,0,,,"Writing: Write, Revise Texts for Purpose and Audience",229,6.2,"Language: Understand, Edit for Grammar, Usage",228,6.3,"Language: Understand, Edit for Mechanics",235,5.9,,,,,,
Spring 2025-2026,AISA (sample data),AISA Demo School,Lindqvist,5B,D250031,Jansen,Anouk,5,Language Usage,Language Usage,Growth: Language 2-12 CCSS 2010 V2,5/7/2026,63,226,3.1,88,8,,,"Writing: Write, Revise Texts for Purpose and Audience",226,6.3,"Language: Understand, Edit for Grammar, Usage",227,6.3,"Language: Understand, Edit for Mechanics",229,6.6,,,,,,
Spring 2025-2026,AISA (sample data),AISA Demo School,Lindqvist,5B,D250030,Karimi,Dariush,5,Language Usage,Language Usage,Growth: Language 2-12 CCSS 2010 V2,5/7/2026,29,207,3.1,50,0,,,"Writing: Write, Revise Texts for Purpose and Audience",204,6.3,"Language: Understand, Edit for Grammar, Usage",216,6.0,"Language: Understand, Edit for Mechanics",201,5.9,,,,,,
Spring 2025-2026,AISA (sample data),AISA Demo School,Lindqvist,5B,D250025,Kim,Seo-yeon,5,Language Usage,Language Usage,Growth: Language 2-12 CCSS 2010 V2,5/7/2026,41,216,3.1,71,0,,,"Writing: Write, Revise Texts for Purpose and Audience",210,5.9,"Language: Understand, Edit for Grammar, Usage",219,6.3,"Language: Understand, Edit for Mechanics",215,6.0,,,,,,
Spring 2025-2026,AISA (sample data),AISA Demo School,Lindqvist,5B,D250024,Mansour,Karim,5,Language Usage,Language Usage,Growth: Language 2-12 CCSS 2010 V2,5/7/2026,47,173,3.2,2,0,,,"Writing: Write, Revise Texts for Purpose and Audience",175,6.1,"Language: Understand, Edit for Grammar, Usage",174,6.1,"Language: Understand, Edit for Mechanics",169,6.0,,,,,,
Spring 2025-2026,AISA (sample data),AISA Demo School,Lindqvist,5B,D250028,Menon,Rohan,5,Language Usage,Language Usage,Growth: Language 2-12 CCSS 2010 V2,5/7/2026,42,218,3.2,75,0,,,"Writing: Write, Revise Texts for Purpose and Audience",222,6.3,"Language: Understand, Edit for Grammar, Usage",224,5.8,"Language: Understand, Edit for Mechanics",205,6.4,,,,,,
Spring 2025-2026,AISA (sample data),AISA Demo School,Lindqvist,5B,D250037,Novak,Tomas,5,Language Usage,Language Usage,Growth: Language 2-12 CCSS 2010 V2,5/7/2026,40,212,3.1,62,4,,,"Writing: Write, Revise Texts for Purpose and Audience",216,6.0,"Language: Understand, Edit for Grammar, Usage",207,6.5,"Language: Understand, Edit for Mechanics",212,6.5,,,,,,
Spring 2025-2026,AISA (sample data),AISA Demo School,Lindqvist,5B,D250027,Nwosu,Adaeze,5,Language Usage,Language Usage,Growth: Language 2-12 CCSS 2010 V2,5/7/2026,41,212,2.9,62,1,,,"Writing: Write, Revise Texts for Purpose and Audience",213,6.1,"Language: Understand, Edit for Grammar, Usage",208,6.2,"Language: Understand, Edit for Mechanics",218,5.8,,,,,,
Spring 2025-2026,AISA (sample data),AISA Demo School,Lindqvist,5B,D250036,Reddy,Ananya,5,Language Usage,Language Usage,Growth: Language 2-12 CCSS 2010 V2,5/20/2026,42,226,3.3,88,1,,,"Writing: Write, Revise Texts for Purpose and Audience",228,6.4,"Language: Understand, Edit for Grammar, Usage",228,6.4,"Language: Understand, Edit for Mechanics",223,6.4,,,,,,
Spring 2025-2026,AISA (sample data),AISA Demo School,Lindqvist,5B,D250032,Sato,Kenji,5,Language Usage,Language Usage,Growth: Language 2-12 CCSS 2010 V2,5/7/2026,40,208,2.9,52,0,,,"Writing: Write, Revise Texts for Purpose and Audience",198,5.9,"Language: Understand, Edit for Grammar, Usage",203,6.0,"Language: Understand, Edit for Mechanics",222,6.4,,,,,,
Spring 2025-2026,AISA (sample data),AISA Demo School,Lindqvist,5B,D250043,Silva,Mateus,5,Language Usage,Language Usage,Growth: Language 2-12 CCSS 2010 V2,5/7/2026,45,195,2.9,23,0,,,"Writing: Write, Revise Texts for Purpose and Audience",198,6.4,"Language: Understand, Edit for Grammar, Usage",198,6.4,"Language: Understand, Edit for Mechanics",190,5.9,,,,,,
Spring 2025-2026,AISA (sample data),AISA Demo School,Lindqvist,5B,D250038,Tran,Linh,5,Language Usage,Language Usage,Growth: Language 2-12 CCSS 2010 V2,5/7/2026,36,239,3.3,98,0,,,"Writing: Write, Revise Texts for Purpose and Audience",222,6.4,"Language: Understand, Edit for Grammar, Usage",243,6.1,"Language: Understand, Edit for Mechanics",251,6.3,,,,,,
Spring 2025-2026,AISA (sample data),AISA Demo School,Lindqvist,5B,D250035,Vargas,Diego,5,Language Usage,Language Usage,Growth: Language 2-12 CCSS 2010 V2,5/7/2026,43,195,3.1,23,1,,,"Writing: Write, Revise Texts for Purpose and Audience",204,6.5,"Language: Understand, Edit for Grammar, Usage",185,6.4,"Language: Understand, Edit for Mechanics",196,6.2,,,,,,
Spring 2025-2026,AISA (sample data),AISA Demo School,Lindqvist,5B,D250044,Yamamoto,Hana,5,Language Usage,Language Usage,Growth: Language 2-12 CCSS 2010 V2,5/19/2026,30,218,3.1,75,5,,,"Writing: Write, Revise Texts for Purpose and Audience",211,5.9,"Language: Understand, Edit for Grammar, Usage",214,5.8,"Language: Understand, Edit for Mechanics",231,6.0,,,,,,
Spring 2025-2026,AISA (sample data),AISA Demo School,Lindqvist,5B,D250041,Asante,Kofi,5,Mathematics,Math K-12,Growth: Math 2-5 CCSS 2010 V2,5/12/2026,57,229,3.1,76,0,,1000Q,Operations and Algebraic Thinking,215,6.8,Number and Operations,229,6.7,Measurement and Data,235,6.8,Geometry,238,6.6,,,
Spring 2025-2026,AISA (sample data),AISA Demo School,Lindqvist,5B,D250045,Bennett,Oliver,5,Mathematics,Math K-12,Growth: Math 2-5 CCSS 2010 V2,5/12/2026,55,231,3.1,80,0,,1030Q,Operations and Algebraic Thinking,224,6.3,Number and Operations,240,6.5,Measurement and Data,236,6.5,Geometry,223,6.6,,,
Spring 2025-2026,AISA (sample data),AISA Demo School,Lindqvist,5B,D250026,Bianchi,Matteo,5,Mathematics,Math K-12,Growth: Math 2-5 CCSS 2010 V2,5/12/2026,66,251,3.1,97,3,,1330Q,Operations and Algebraic Thinking,252,6.4,Number and Operations,256,6.4,Measurement and Data,242,6.6,Geometry,253,6.4,,,
Spring 2025-2026,AISA (sample data),AISA Demo School,Lindqvist,5B,D250040,Campbell,Isla,5,Mathematics,Math K-12,Growth: Math 2-5 CCSS 2010 V2,5/12/2026,61,224,2.9,67,3,,925Q,Operations and Algebraic Thinking,227,6.6,Number and Operations,219,6.6,Measurement and Data,224,6.4,Geometry,224,6.9,,,
Spring 2025-2026,AISA (sample data),AISA Demo School,Lindqvist,5B,D250029,Castillo,Camila,5,Mathematics,Math K-12,Growth: Math 2-5 CCSS 2010 V2,5/12/2026,64,201,3.2,20,0,,580Q,Operations and Algebraic Thinking,208,6.5,Number and Operations,209,6.2,Measurement and Data,200,6.5,Geometry,188,6.4,,,
Spring 2025-2026,AISA (sample data),AISA Demo School,Lindqvist,5B,D250042,Darwish,Salma,5,Mathematics,Math K-12,Growth: Math 2-5 CCSS 2010 V2,5/20/2026,77,207,3.3,31,0,,670Q,Operations and Algebraic Thinking,217,6.4,Number and Operations,209,6.7,Measurement and Data,207,6.9,Geometry,198,6.4,,,
Spring 2025-2026,AISA (sample data),AISA Demo School,Lindqvist,5B,D250039,Demir,Emir,5,Mathematics,Math K-12,Growth: Math 2-5 CCSS 2010 V2,5/12/2026,53,216,3.1,50,3,,805Q,Operations and Algebraic Thinking,221,6.5,Number and Operations,213,6.3,Measurement and Data,213,6.8,Geometry,216,6.9,,,
Spring 2025-2026,AISA (sample data),AISA Demo School,Lindqvist,5B,D250034,Dlamini,Thandiwe,5,Mathematics,Math K-12,Growth: Math 2-5 CCSS 2010 V2,5/12/2026,42,186,3.1,5,0,,355Q,Operations and Algebraic Thinking,187,6.3,Number and Operations,184,6.7,Measurement and Data,186,6.7,Geometry,185,6.7,,,
Spring 2025-2026,AISA (sample data),AISA Demo School,Lindqvist,5B,D250033,Farouk,Noor,5,Mathematics,Math K-12,Growth: Math 2-5 CCSS 2010 V2,5/12/2026,49,208,2.8,33,0,,685Q,Operations and Algebraic Thinking,200,6.9,Number and Operations,207,6.3,Measurement and Data,207,6.3,Geometry,221,6.9,,,
Spring 2025-2026,AISA (sample data),AISA Demo School,Lindqvist,5B,D250031,Jansen,Anouk,5,Mathematics,Math K-12,Growth: Math 2-5 CCSS 2010 V2,5/12/2026,79,251,3.2,97,6,,1330Q,Operations and Algebraic Thinking,260,6.6,Number and Operations,242,6.4,Measurement and Data,250,6.4,Geometry,252,6.9,,,
Spring 2025-2026,AISA (sample data),AISA Demo School,Lindqvist,5B,D250030,Karimi,Dariush,5,Mathematics,Math K-12,Growth: Math 2-5 CCSS 2010 V2,5/12/2026,38,220,3.1,59,0,,865Q,Operations and Algebraic Thinking,219,6.4,Number and Operations,224,6.2,Measurement and Data,211,6.4,Geometry,225,6.8,,,
Spring 2025-2026,AISA (sample data),AISA Demo School,Lindqvist,5B,D250025,Kim,Seo-yeon,5,Mathematics,Math K-12,Growth: Math 2-5 CCSS 2010 V2,5/12/2026,51,205,3.1,27,0,,640Q,Operations and Algebraic Thinking,209,6.6,Number and Operations,190,6.9,Measurement and Data,200,7.0,Geometry,218,6.8,,,
Spring 2025-2026,AISA (sample data),AISA Demo School,Lindqvist,5B,D250024,Mansour,Karim,5,Mathematics,Math K-12,Growth: Math 2-5 CCSS 2010 V2,5/12/2026,52,189,3.0,7,2,,400Q,Operations and Algebraic Thinking,189,6.7,Number and Operations,181,6.6,Measurement and Data,192,6.4,Geometry,193,6.6,,,
Spring 2025-2026,AISA (sample data),AISA Demo School,Lindqvist,5B,D250028,Menon,Rohan,5,Mathematics,Math K-12,Growth: Math 2-5 CCSS 2010 V2,5/12/2026,52,239,3.2,90,0,,1150Q,Operations and Algebraic Thinking,241,6.8,Number and Operations,245,6.5,Measurement and Data,227,6.4,Geometry,242,6.5,,,
Spring 2025-2026,AISA (sample data),AISA Demo School,Lindqvist,5B,D250037,Novak,Tomas,5,Mathematics,Math K-12,Growth: Math 2-5 CCSS 2010 V2,5/12/2026,48,203,3.2,24,2,,610Q,Operations and Algebraic Thinking,205,6.5,Number and Operations,191,6.5,Measurement and Data,209,7.0,Geometry,204,7.0,,,
Spring 2025-2026,AISA (sample data),AISA Demo School,Lindqvist,5B,D250027,Nwosu,Adaeze,5,Mathematics,Math K-12,Growth: Math 2-5 CCSS 2010 V2,5/12/2026,47,213,3.2,43,0,,760Q,Operations and Algebraic Thinking,209,6.9,Number and Operations,221,6.9,Measurement and Data,203,6.9,Geometry,219,6.6,,,
Spring 2025-2026,AISA (sample data),AISA Demo School,Lindqvist,5B,D250036,Reddy,Ananya,5,Mathematics,Math K-12,Growth: Math 2-5 CCSS 2010 V2,5/19/2026,56,226,3.2,71,2,,955Q,Operations and Algebraic Thinking,231,6.5,Number and Operations,223,6.4,Measurement and Data,222,6.3,Geometry,230,6.9,,,
Spring 2025-2026,AISA (sample data),AISA Demo School,Lindqvist,5B,D250032,Sato,Kenji,5,Mathematics,Math K-12,Growth: Math 2-5 CCSS 2010 V2,5/12/2026,49,197,3.0,15,7,,520Q,Operations and Algebraic Thinking,187,7.0,Number and Operations,198,6.2,Measurement and Data,192,6.5,Geometry,208,6.9,,,
Spring 2025-2026,AISA (sample data),AISA Demo School,Lindqvist,5B,D250043,Silva,Mateus,5,Mathematics,Math K-12,Growth: Math 2-5 CCSS 2010 V2,5/12/2026,55,211,3.0,39,2,,730Q,Operations and Algebraic Thinking,204,6.6,Number and Operations,206,6.8,Measurement and Data,217,6.7,Geometry,215,6.6,,,
Spring 2025-2026,AISA (sample data),AISA Demo School,Lindqvist,5B,D250038,Tran,Linh,5,Mathematics,Math K-12,Growth: Math 2-5 CCSS 2010 V2,5/12/2026,36,243,3.2,93,4,,1210Q,Operations and Algebraic Thinking,235,6.6,Number and Operations,246,7.0,Measurement and Data,249,6.3,Geometry,244,6.4,,,
Spring 2025-2026,AISA (sample data),AISA Demo School,Lindqvist,5B,D250035,Vargas,Diego,5,Mathematics,Math K-12,Growth: Math 2-5 CCSS 2010 V2,5/12/2026,56,192,3.1,9,0,,445Q,Operations and Algebraic Thinking,198,6.4,Number and Operations,203,6.6,Measurement and Data,184,7.0,Geometry,184,6.8,,,
Spring 2025-2026,AISA (sample data),AISA Demo School,Lindqvist,5B,D250044,Yamamoto,Hana,5,Mathematics,Math K-12,Growth: Math 2-5 CCSS 2010 V2,5/19/2026,41,216,3.0,50,0,,805Q,Operations and Algebraic Thinking,217,6.7,Number and Operations,212,6.7,Measurement and Data,219,6.6,Geometry,211,6.7,,,
Spring 2025-2026,AISA (sample data),AISA Demo School,Lindqvist,5B,D250041,Asante,Kofi,5,Science,Science K-12,Growth: Science 3-5 for use with NGSS 2013,5/14/2026,35,220,3.2,82,4,,,Life Science,221,6.6,Earth and Space Science,221,6.1,Physical Science,220,6.6,,,,,,
Spring 2025-2026,AISA (sample data),AISA Demo School,Lindqvist,5B,D250045,Bennett,Oliver,5,Science,Science K-12,Growth: Science 3-5 for use with NGSS 2013,5/14/2026,46,210,3.0,58,0,,,Life Science,211,6.1,Earth and Space Science,221,6.4,Physical Science,200,6.3,,,,,,
Spring 2025-2026,AISA (sample data),AISA Demo School,Lindqvist,5B,D250026,Bianchi,Matteo,5,Science,Science K-12,Growth: Science 3-5 for use with NGSS 2013,5/14/2026,46,241,3.4,99,3,,,Life Science,244,6.7,Earth and Space Science,241,6.5,Physical Science,242,6.5,,,,,,
Spring 2025-2026,AISA (sample data),AISA Demo School,Lindqvist,5B,D250040,Campbell,Isla,5,Science,Science K-12,Growth: Science 3-5 for use with NGSS 2013,5/14/2026,39,221,3.1,84,0,,,Life Science,226,6.7,Earth and Space Science,222,6.4,Physical Science,218,6.8,,,,,,
Spring 2025-2026,AISA (sample data),AISA Demo School,Lindqvist,5B,D250029,Castillo,Camila,5,Science,Science K-12,Growth: Science 3-5 for use with NGSS 2013,5/14/2026,43,207,3.2,50,8,,,Life Science,209,6.1,Earth and Space Science,207,6.6,Physical Science,204,6.5,,,,,,
Spring 2025-2026,AISA (sample data),AISA Demo School,Lindqvist,5B,D250042,Darwish,Salma,5,Science,Science K-12,Growth: Science 3-5 for use with NGSS 2013,5/20/2026,59,201,2.9,33,0,,,Life Science,207,6.2,Earth and Space Science,190,6.5,Physical Science,205,6.5,,,,,,
Spring 2025-2026,AISA (sample data),AISA Demo School,Lindqvist,5B,D250039,Demir,Emir,5,Science,Science K-12,Growth: Science 3-5 for use with NGSS 2013,5/14/2026,41,206,3.0,47,0,,,Life Science,200,6.4,Earth and Space Science,213,6.7,Physical Science,208,6.3,,,,,,
Spring 2025-2026,AISA (sample data),AISA Demo School,Lindqvist,5B,D250034,Dlamini,Thandiwe,5,Science,Science K-12,Growth: Science 3-5 for use with NGSS 2013,5/14/2026,28,209,3.0,56,0,,,Life Science,210,6.2,Earth and Space Science,215,6.3,Physical Science,205,6.0,,,,,,
Spring 2025-2026,AISA (sample data),AISA Demo School,Lindqvist,5B,D250033,Farouk,Noor,5,Science,Science K-12,Growth: Science 3-5 for use with NGSS 2013,5/14/2026,29,206,3.9,47,14,,,Life Science,212,7.0,Earth and Space Science,205,6.9,Physical Science,204,7.1,,,,,,
Spring 2025-2026,AISA (sample data),AISA Demo School,Lindqvist,5B,D250031,Jansen,Anouk,5,Science,Science K-12,Growth: Science 3-5 for use with NGSS 2013,5/14/2026,62,231,3.3,96,0,,,Life Science,225,6.2,Earth and Space Science,236,6.2,Physical Science,234,6.0,,,,,,
Spring 2025-2026,AISA (sample data),AISA Demo School,Lindqvist,5B,D250030,Karimi,Dariush,5,Science,Science K-12,Growth: Science 3-5 for use with NGSS 2013,5/14/2026,27,212,3.0,64,5,,,Life Science,212,6.7,Earth and Space Science,212,6.6,Physical Science,212,6.4,,,,,,
Spring 2025-2026,AISA (sample data),AISA Demo School,Lindqvist,5B,D250025,Kim,Seo-yeon,5,Science,Science K-12,Growth: Science 3-5 for use with NGSS 2013,5/14/2026,39,213,3.2,67,0,,,Life Science,215,6.6,Earth and Space Science,218,6.7,Physical Science,206,6.7,,,,,,
Spring 2025-2026,AISA (sample data),AISA Demo School,Lindqvist,5B,D250024,Mansour,Karim,5,Science,Science K-12,Growth: Science 3-5 for use with NGSS 2013,5/14/2026,34,191,3.2,13,3,,,Life Science,201,6.3,Earth and Space Science,183,6.3,Physical Science,191,6.3,,,,,,
Spring 2025-2026,AISA (sample data),AISA Demo School,Lindqvist,5B,D250028,Menon,Rohan,5,Science,Science K-12,Growth: Science 3-5 for use with NGSS 2013,5/14/2026,43,198,3.1,26,0,,,Life Science,201,6.4,Earth and Space Science,196,6.1,Physical Science,196,6.3,,,,,,
Spring 2025-2026,AISA (sample data),AISA Demo School,Lindqvist,5B,D250037,Novak,Tomas,5,Science,Science K-12,Growth: Science 3-5 for use with NGSS 2013,5/14/2026,43,194,3.1,18,3,,,Life Science,207,6.4,Earth and Space Science,185,6.6,Physical Science,189,6.3,,,,,,
Spring 2025-2026,AISA (sample data),AISA Demo School,Lindqvist,5B,D250027,Nwosu,Adaeze,5,Science,Science K-12,Growth: Science 3-5 for use with NGSS 2013,5/14/2026,34,230,2.9,95,6,,,Life Science,230,6.3,Earth and Space Science,233,6.3,Physical Science,228,6.2,,,,,,
Spring 2025-2026,AISA (sample data),AISA Demo School,Lindqvist,5B,D250036,Reddy,Ananya,5,Science,Science K-12,Growth: Science 3-5 for use with NGSS 2013,5/20/2026,47,221,3.2,84,0,,,Life Science,230,6.6,Earth and Space Science,216,6.5,Physical Science,215,6.4,,,,,,
Spring 2025-2026,AISA (sample data),AISA Demo School,Lindqvist,5B,D250032,Sato,Kenji,5,Science,Science K-12,Growth: Science 3-5 for use with NGSS 2013,5/14/2026,34,218,3.0,78,0,,,Life Science,222,6.4,Earth and Space Science,211,6.2,Physical Science,222,6.6,,,,,,
Spring 2025-2026,AISA (sample data),AISA Demo School,Lindqvist,5B,D250043,Silva,Mateus,5,Science,Science K-12,Growth: Science 3-5 for use with NGSS 2013,5/14/2026,41,220,3.1,82,0,,,Life Science,217,6.1,Earth and Space Science,212,6.7,Physical Science,231,6.5,,,,,,
Spring 2025-2026,AISA (sample data),AISA Demo School,Lindqvist,5B,D250038,Tran,Linh,5,Science,Science K-12,Growth: Science 3-5 for use with NGSS 2013,5/14/2026,30,228,3.1,93,4,,,Life Science,225,6.5,Earth and Space Science,223,6.1,Physical Science,235,6.1,,,,,,
Spring 2025-2026,AISA (sample data),AISA Demo School,Lindqvist,5B,D250035,Vargas,Diego,5,Science,Science K-12,Growth: Science 3-5 for use with NGSS 2013,5/14/2026,41,208,3.1,53,0,,,Life Science,213,6.0,Earth and Space Science,204,6.2,Physical Science,204,6.3,,,,,,
Spring 2025-2026,AISA (sample data),AISA Demo School,Lindqvist,5B,D250044,Yamamoto,Hana,5,Science,Science K-12,Growth: Science 3-5 for use with NGSS 2013,5/19/2026,35,195,3.0,20,0,,,Life Science,191,6.3,Earth and Space Science,204,6.6,Physical Science,191,6.1,,,,,,
Spring 2025-2026,AISA (sample data),AISA Demo School,Rahimi,6A,D250066,Chowdhury,Farhan,6,Reading,Reading,Growth: Reading 6+ CCSS 2010 V4,5/6/2026,56,235,3.2,91,0,1180L,,Literary Text: Key Ideas and Details,239,7.8,"Literary Text: Language, Craft, and Structure",243,7.4,Informational Text: Key Ideas and Details,224,7.5,"Informational Text: Language, Craft, and Structure",235,7.2,Vocabulary: Acquisition and Use,235,7.1
Spring 2025-2026,AISA (sample data),AISA Demo School,Rahimi,6A,D250056,Eze,Chidi,6,Reading,Reading,Growth: Reading 6+ CCSS 2010 V4,5/6/2026,36,229,3.1,84,4,1080L,,Literary Text: Key Ideas and Details,242,7.7,"Literary Text: Language, Craft, and Structure",224,7.5,Informational Text: Key Ideas and Details,226,7.3,"Informational Text: Language, Craft, and Structure",227,7.2,Vocabulary: Acquisition and Use,225,7.7
Spring 2025-2026,AISA (sample data),AISA Demo School,Rahimi,6A,D250054,Fernandes,Hugo,6,Reading,Reading,Growth: Reading 6+ CCSS 2010 V4,5/6/2026,57,231,2.9,87,0,1110L,,Literary Text: Key Ideas and Details,226,7.8,"Literary Text: Language, Craft, and Structure",226,7.7,Informational Text: Key Ideas and Details,240,7.7,"Informational Text: Language, Craft, and Structure",231,7.4,Vocabulary: Acquisition and Use,232,7.7
Spring 2025-2026,AISA (sample data),AISA Demo School,Rahimi,6A,D250055,Hamdi,Rania,6,Reading,Reading,Growth: Reading 6+ CCSS 2010 V4,5/6/2026,40,230,3.1,86,0,1095L,,Literary Text: Key Ideas and Details,236,7.2,"Literary Text: Language, Craft, and Structure",238,7.6,Informational Text: Key Ideas and Details,219,7.4,"Informational Text: Language, Craft, and Structure",233,7.5,Vocabulary: Acquisition and Use,227,7.7
Spring 2025-2026,AISA (sample data),AISA Demo School,Rahimi,6A,D250064,Horvat,Luka,6,Reading,Reading,Growth: Reading 6+ CCSS 2010 V4,5/6/2026,52,225,3.2,78,5,1015L,,Literary Text: Key Ideas and Details,220,7.7,"Literary Text: Language, Craft, and Structure",236,7.0,Informational Text: Key Ideas and Details,221,7.6,"Informational Text: Language, Craft, and Structure",237,7.1,Vocabulary: Acquisition and Use,209,7.5
Spring 2025-2026,AISA (sample data),AISA Demo School,Rahimi,6A,D250052,Hosseini,Shirin,6,Reading,Reading,Growth: Reading 6+ CCSS 2010 V4,5/6/2026,46,211,3.1,48,7,780L,,Literary Text: Key Ideas and Details,223,7.3,"Literary Text: Language, Craft, and Structure",204,7.7,Informational Text: Key Ideas and Details,220,7.6,"Informational Text: Language, Craft, and Structure",202,7.5,Vocabulary: Acquisition and Use,203,7.5
Spring 2025-2026,AISA (sample data),AISA Demo School,Rahimi,6A,D250067,Hughes,Olivia,6,Reading,Reading,Growth: Reading 6+ CCSS 2010 V4,5/6/2026,58,218,3.0,64,0,895L,,Literary Text: Key Ideas and Details,222,7.4,"Literary Text: Language, Craft, and Structure",214,7.7,Informational Text: Key Ideas and Details,211,7.4,"Informational Text: Language, Craft, and Structure",215,7.3,Vocabulary: Acquisition and Use,227,7.1
Spring 2025-2026,AISA (sample data),AISA Demo School,Rahimi,6A,D250048,Kapoor,Ishaan,6,Reading,Reading,Growth: Reading 6+ CCSS 2010 V4,5/6/2026,51,214,3.0,55,8,830L,,Literary Text: Key Ideas and Details,225,7.4,"Literary Text: Language, Craft, and Structure",207,7.3,Informational Text: Key Ideas and Details,224,7.3,"Informational Text: Language, Craft, and Structure",211,7.2,Vocabulary: Acquisition and Use,205,7.3
Spring 2025-2026,AISA (sample data),AISA Demo School,Rahimi,6A,D250065,Kaya,Defne,6,Reading,Reading,Growth: Reading 6+ CCSS 2010 V4,5/6/2026,45,224,3.3,76,4,995L,,Literary Text: Key Ideas and Details,224,7.7,"Literary Text: Language, Craft, and Structure",234,7.1,Informational Text: Key Ideas and Details,232,7.5,"Informational Text: Language, Craft, and Structure",217,7.5,Vocabulary: Acquisition and Use,213,7.2
Spring 2025-2026,AISA (sample data),AISA Demo School,Rahimi,6A,D250050,Kowalska,Zofia,6,Reading,Reading,Growth: Reading 6+ CCSS 2010 V4,5/6/2026,45,233,3.2,89,0,1145L,,Literary Text: Key Ideas and Details,238,7.7,"Literary Text: Language, Craft, and Structure",225,7.7,Informational Text: Key Ideas and Details,236,7.5,"Informational Text: Language, Craft, and Structure",231,7.4,Vocabulary: Acquisition and Use,233,7.2
Spring 2025-2026,AISA (sample data),AISA Demo School,Rahimi,6A,D250053,Lim,Jia Hui,6,Reading,Reading,Growth: Reading 6+ CCSS 2010 V4,5/6/2026,50,215,3.0,57,2,850L,,Literary Text: Key Ideas and Details,221,7.6,"Literary Text: Language, Craft, and Structure",218,7.1,Informational Text: Key Ideas and Details,214,7.1,"Informational Text: Language, Craft, and Structure",216,7.0,Vocabulary: Acquisition and Use,211,7.5
Spring 2025-2026,AISA (sample data),AISA Demo School,Rahimi,6A,D250059,Mendoza,Lucía,6,Reading,Reading,Growth: Reading 6+ CCSS 2010 V4,5/6/2026,50,206,2.9,36,4,700L,,Literary Text: Key Ideas and Details,202,7.2,"Literary Text: Language, Craft, and Structure",199,7.1,Informational Text: Key Ideas and Details,215,7.4,"Informational Text: Language, Craft, and Structure",207,7.1,Vocabulary: Acquisition and Use,213,7.0
Spring 2025-2026,AISA (sample data),AISA Demo School,Rahimi,6A,D250061,Moreau,Inès,6,Reading,Reading,Growth: Reading 6+ CCSS 2010 V4,5/6/2026,65,202,3.0,28,3,635L,,Literary Text: Key Ideas and Details,203,7.1,"Literary Text: Language, Craft, and Structure",193,7.2,Informational Text: Key Ideas and Details,198,7.5,"Informational Text: Language, Craft, and Structure",199,7.7,Vocabulary: Acquisition and Use,216,7.2
Spring 2025-2026,AISA (sample data),AISA Demo School,Rahimi,6A,D250063,Mwangi,Nia,6,Reading,Reading,Growth: Reading 6+ CCSS 2010 V4,5/6/2026,43,205,3.0,34,1,685L,,Literary Text: Key Ideas and Details,199,7.1,"Literary Text: Language, Craft, and Structure",203,7.5,Informational Text: Key Ideas and Details,217,7.2,"Informational Text: Language, Craft, and Structure",209,7.3,Vocabulary: Acquisition and Use,201,7.7
Spring 2025-2026,AISA (sample data),AISA Demo School,Rahimi,6A,D250060,Nguyen,Minh,6,Reading,Reading,Growth: Reading 6+ CCSS 2010 V4,5/6/2026,50,231,3.2,87,4,1110L,,Literary Text: Key Ideas and Details,224,7.6,"Literary Text: Language, Craft, and Structure",241,7.6,Informational Text: Key Ideas and Details,224,7.6,"Informational Text: Language, Craft, and Structure",230,7.6,Vocabulary: Acquisition and Use,238,7.3
Spring 2025-2026,AISA (sample data),AISA Demo School,Rahimi,6A,D250057,Nyberg,Astrid,6,Reading,Reading,Growth: Reading 6+ CCSS 2010 V4,5/19/2026,40,201,2.9,26,2,615L,,Literary Text: Key Ideas and Details,187,7.6,"Literary Text: Language, Craft, and Structure",212,7.6,Informational Text: Key Ideas and Details,201,7.0,"Informational Text: Language, Craft, and Structure",197,7.7,Vocabulary: Acquisition and Use,202,7.7
Spring 2025-2026,AISA (sample data),AISA Demo School,Rahimi,6A,D250069,Ochieng,Makena,6,Reading,Reading,Growth: Reading 6+ CCSS 2010 V4,5/6/2026,38,245,3.3,97,0,1345L,,Literary Text: Key Ideas and Details,252,7.1,"Literary Text: Language, Craft, and Structure",236,7.4,Informational Text: Key Ideas and Details,239,7.6,"Informational Text: Language, Craft, and Structure",237,7.2,Vocabulary: Acquisition and Use,259,7.1
Spring 2025-2026,AISA (sample data),AISA Demo School,Rahimi,6A,D250051,Ortiz,Joaquín,6,Reading,Reading,Growth: Reading 6+ CCSS 2010 V4,5/6/2026,35,225,3.1,78,1,1015L,,Literary Text: Key Ideas and Details,223,7.1,"Literary Text: Language, Craft, and Structure",233,7.1,Informational Text: Key Ideas and Details,222,7.1,"Informational Text: Language, Craft, and Structure",214,7.1,Vocabulary: Acquisition and Use,230,7.4
Spring 2025-2026,AISA (sample data),AISA Demo School,Rahimi,6A,D250047,Papadopoulos,Sofia,6,Reading,Reading,Growth: Reading 6+ CCSS 2010 V4,5/6/2026,46,232,3.1,88,0,1130L,,Literary Text: Key Ideas and Details,236,7.4,"Literary Text: Language, Craft, and Structure",239,7.4,Informational Text: Key Ideas and Details,226,7.5,"Informational Text: Language, Craft, and Structure",223,7.4,Vocabulary: Acquisition and Use,236,7.7
Spring 2025-2026,AISA (sample data),AISA Demo School,Rahimi,6A,D250062,Qasim,Tariq,6,Reading,Reading,Growth: Reading 6+ CCSS 2010 V4,5/6/2026,65,217,3.0,62,3,880L,,Literary Text: Key Ideas and Details,221,7.7,"Literary Text: Language, Craft, and Structure",219,7.2,Informational Text: Key Ideas and Details,214,7.3,"Informational Text: Language, Craft, and Structure",221,7.3,Vocabulary: Acquisition and Use,209,7.6
Spring 2025-2026,AISA (sample data),AISA Demo School,Rahimi,6A,D250046,Saleh,Yousef,6,Reading,Reading,Growth: Reading 6+ CCSS 2010 V4,5/6/2026,62,211,3.0,48,0,780L,,Literary Text: Key Ideas and Details,218,7.5,"Literary Text: Language, Craft, and Structure",203,7.4,Informational Text: Key Ideas and Details,209,7.2,"Informational Text: Language, Craft, and Structure",218,7.1,Vocabulary: Acquisition and Use,208,7.2
Spring 2025-2026,AISA (sample data),AISA Demo School,Rahimi,6A,D250058,Sharma,Aarav,6,Reading,Reading,Growth: Reading 6+ CCSS 2010 V4,5/6/2026,33,202,3.0,28,0,635L,,Literary Text: Key Ideas and Details,199,7.2,"Literary Text: Language, Craft, and Structure",201,7.7,Informational Text: Key Ideas and Details,209,7.6,"Informational Text: Language, Craft, and Structure",206,7.1,Vocabulary: Acquisition and Use,193,7.7
Spring 2025-2026,AISA (sample data),AISA Demo School,Rahimi,6A,D250049,Tesfaye,Abebe,6,Reading,Reading,Growth: Reading 6+ CCSS 2010 V4,5/6/2026,38,225,3.1,78,0,1015L,,Literary Text: Key Ideas and Details,222,7.7,"Literary Text: Language, Craft, and Structure",235,7.5,Informational Text: Key Ideas and Details,232,7.3,"Informational Text: Language, Craft, and Structure",236,7.4,Vocabulary: Acquisition and Use,201,7.6
Spring 2025-2026,AISA (sample data),AISA Demo School,Rahimi,6A,D250068,Watanabe,Sora,6,Reading,Reading,Growth: Reading 6+ CCSS 2010 V4,5/6/2026,59,243,3.1,97,0,1310L,,Literary Text: Key Ideas and Details,255,7.5,"Literary Text: Language, Craft, and Structure",252,7.5,Informational Text: Key Ideas and Details,235,7.4,"Informational Text: Language, Craft, and Structure",233,7.8,Vocabulary: Acquisition and Use,242,7.7
Spring 2025-2026,AISA (sample data),AISA Demo School,Rahimi,6A,D250066,Chowdhury,Farhan,6,Language Usage,Language Usage,Growth: Language 2-12 CCSS 2010 V2,5/8/2026,46,247,3.4,99,0,,,"Writing: Write, Revise Texts for Purpose and Audience",252,6.1,"Language: Understand, Edit for Grammar, Usage",247,5.8,"Language: Understand, Edit for Mechanics",240,6.6,,,,,,
Spring 2025-2026,AISA (sample data),AISA Demo School,Rahimi,6A,D250056,Eze,Chidi,6,Language Usage,Language Usage,Growth: Language 2-12 CCSS 2010 V2,5/8/2026,31,230,3.2,89,0,,,"Writing: Write, Revise Texts for Purpose and Audience",225,6.5,"Language: Understand, Edit for Grammar, Usage",233,6.6,"Language: Understand, Edit for Mechanics",229,6.3,,,,,,
Spring 2025-2026,AISA (sample data),AISA Demo School,Rahimi,6A,D250054,Fernandes,Hugo,6,Language Usage,Language Usage,Growth: Language 2-12 CCSS 2010 V2,5/8/2026,50,246,3.3,99,2,,,"Writing: Write, Revise Texts for Purpose and Audience",247,6.1,"Language: Understand, Edit for Grammar, Usage",254,6.1,"Language: Understand, Edit for Mechanics",235,6.4,,,,,,
Spring 2025-2026,AISA (sample data),AISA Demo School,Rahimi,6A,D250055,Hamdi,Rania,6,Language Usage,Language Usage,Growth: Language 2-12 CCSS 2010 V2,5/8/2026,36,223,3.0,79,0,,,"Writing: Write, Revise Texts for Purpose and Audience",222,6.3,"Language: Understand, Edit for Grammar, Usage",226,5.9,"Language: Understand, Edit for Mechanics",223,5.8,,,,,,
Spring 2025-2026,AISA (sample data),AISA Demo School,Rahimi,6A,D250064,Horvat,Luka,6,Language Usage,Language Usage,Growth: Language 2-12 CCSS 2010 V2,5/8/2026,31,211,3.9,52,12,,,"Writing: Write, Revise Texts for Purpose and Audience",216,7.0,"Language: Understand, Edit for Grammar, Usage",217,7.2,"Language: Understand, Edit for Mechanics",200,7.0,,,,,,
Spring 2025-2026,AISA (sample data),AISA Demo School,Rahimi,6A,D250052,Hosseini,Shirin,6,Language Usage,Language Usage,Growth: Language 2-12 CCSS 2010 V2,5/8/2026,43,215,3.0,62,0,,,"Writing: Write, Revise Texts for Purpose and Audience",216,5.8,"Language: Understand, Edit for Grammar, Usage",220,6.4,"Language: Understand, Edit for Mechanics",210,6.3,,,,,,
Spring 2025-2026,AISA (sample data),AISA Demo School,Rahimi,6A,D250067,Hughes,Olivia,6,Language Usage,Language Usage,Growth: Language 2-12 CCSS 2010 V2,5/8/2026,59,190,3.2,11,0,,,"Writing: Write, Revise Texts for Purpose and Audience",190,6.6,"Language: Understand, Edit for Grammar, Usage",181,5.9,"Language: Understand, Edit for Mechanics",198,6.0,,,,,,
Spring 2025-2026,AISA (sample data),AISA Demo School,Rahimi,6A,D250048,Kapoor,Ishaan,6,Language Usage,Language Usage,Growth: Language 2-12 CCSS 2010 V2,5/8/2026,49,206,3.2,40,3,,,"Writing: Write, Revise Texts for Purpose and Audience",215,6.4,"Language: Understand, Edit for Grammar, Usage",206,6.4,"Language: Understand, Edit for Mechanics",197,6.2,,,,,,
Spring 2025-2026,AISA (sample data),AISA Demo School,Rahimi,6A,D250065,Kaya,Defne,6,Language Usage,Language Usage,Growth: Language 2-12 CCSS 2010 V2,5/8/2026,35,238,3.3,96,0,,,"Writing: Write, Revise Texts for Purpose and Audience",226,5.9,"Language: Understand, Edit for Grammar, Usage",240,6.0,"Language: Understand, Edit for Mechanics",248,6.0,,,,,,
Spring 2025-2026,AISA (sample data),AISA Demo School,Rahimi,6A,D250050,Kowalska,Zofia,6,Language Usage,Language Usage,Growth: Language 2-12 CCSS 2010 V2,5/8/2026,43,231,3.3,91,8,,,"Writing: Write, Revise Texts for Purpose and Audience",221,6.1,"Language: Understand, Edit for Grammar, Usage",233,6.5,"Language: Understand, Edit for Mechanics",236,5.8,,,,,,
Spring 2025-2026,AISA (sample data),AISA Demo School,Rahimi,6A,D250053,Lim,Jia Hui,6,Language Usage,Language Usage,Growth: Language 2-12 CCSS 2010 V2,5/8/2026,46,228,3.1,87,0,,,"Writing: Write, Revise Texts for Purpose and Audience",231,6.5,"Language: Understand, Edit for Grammar, Usage",239,6.3,"Language: Understand, Edit for Mechanics",217,6.0,,,,,,
Spring 2025-2026,AISA (sample data),AISA Demo School,Rahimi,6A,D250059,Mendoza,Lucía,6,Language Usage,Language Usage,Growth: Language 2-12 CCSS 2010 V2,5/8/2026,42,237,3.1,95,0,,,"Writing: Write, Revise Texts for Purpose and Audience",231,6.6,"Language: Understand, Edit for Grammar, Usage",248,6.4,"Language: Understand, Edit for Mechanics",234,6.0,,,,,,
Spring 2025-2026,AISA (sample data),AISA Demo School,Rahimi,6A,D250061,Moreau,Inès,6,Language Usage,Language Usage,Growth: Language 2-12 CCSS 2010 V2,5/8/2026,57,219,3.2,71,0,,,"Writing: Write, Revise Texts for Purpose and Audience",221,6.1,"Language: Understand, Edit for Grammar, Usage",226,6.4,"Language: Understand, Edit for Mechanics",211,6.4,,,,,,
Spring 2025-2026,AISA (sample data),AISA Demo School,Rahimi,6A,D250063,Mwangi,Nia,6,Language Usage,Language Usage,Growth: Language 2-12 CCSS 2010 V2,5/8/2026,39,223,3.0,79,0,,,"Writing: Write, Revise Texts for Purpose and Audience",226,6.6,"Language: Understand, Edit for Grammar, Usage",216,6.6,"Language: Understand, Edit for Mechanics",225,6.0,,,,,,
Spring 2025-2026,AISA (sample data),AISA Demo School,Rahimi,6A,D250060,Nguyen,Minh,6,Language Usage,Language Usage,Growth: Language 2-12 CCSS 2010 V2,5/8/2026,43,224,3.1,81,0,,,"Writing: Write, Revise Texts for Purpose and Audience",226,6.0,"Language: Understand, Edit for Grammar, Usage",218,5.8,"Language: Understand, Edit for Mechanics",230,5.8,,,,,,
Spring 2025-2026,AISA (sample data),AISA Demo School,Rahimi,6A,D250057,Nyberg,Astrid,6,Language Usage,Language Usage,Growth: Language 2-12 CCSS 2010 V2,5/20/2026,36,228,3.1,87,1,,,"Writing: Write, Revise Texts for Purpose and Audience",232,6.5,"Language: Understand, Edit for Grammar, Usage",230,5.9,"Language: Understand, Edit for Mechanics",219,6.2,,,,,,
Spring 2025-2026,AISA (sample data),AISA Demo School,Rahimi,6A,D250069,Ochieng,Makena,6,Language Usage,Language Usage,Growth: Language 2-12 CCSS 2010 V2,5/8/2026,35,236,3.4,95,0,,,"Writing: Write, Revise Texts for Purpose and Audience",238,5.9,"Language: Understand, Edit for Grammar, Usage",236,6.1,"Language: Understand, Edit for Mechanics",233,6.4,,,,,,
Spring 2025-2026,AISA (sample data),AISA Demo School,Rahimi,6A,D250051,Ortiz,Joaquín,6,Language Usage,Language Usage,Growth: Language 2-12 CCSS 2010 V2,5/8/2026,33,206,3.0,40,0,,,"Writing: Write, Revise Texts for Purpose and Audience",203,6.6,"Language: Understand, Edit for Grammar, Usage",208,6.1,"Language: Understand, Edit for Mechanics",207,6.4,,,,,,
Spring 2025-2026,AISA (sample data),AISA Demo School,Rahimi,6A,D250047,Papadopoulos,Sofia,6,Language Usage,Language Usage,Growth: Language 2-12 CCSS 2010 V2,5/8/2026,41,237,3.3,95,0,,,"Writing: Write, Revise Texts for Purpose and Audience",233,6.4,"Language: Understand, Edit for Grammar, Usage",242,6.3,"Language: Understand, Edit for Mechanics",236,6.4,,,,,,
Spring 2025-2026,AISA (sample data),AISA Demo School,Rahimi,6A,D250062,Qasim,Tariq,6,Language Usage,Language Usage,Growth: Language 2-12 CCSS 2010 V2,5/8/2026,49,188,3.2,8,0,,,"Writing: Write, Revise Texts for Purpose and Audience",189,6.0,"Language: Understand, Edit for Grammar, Usage",197,6.4,"Language: Understand, Edit for Mechanics",176,6.3,,,,,,
Spring 2025-2026,AISA (sample data),AISA Demo School,Rahimi,6A,D250046,Saleh,Yousef,6,Language Usage,Language Usage,Growth: Language 2-12 CCSS 2010 V2,5/8/2026,57,215,3.0,62,4,,,"Writing: Write, Revise Texts for Purpose and Audience",210,6.1,"Language: Understand, Edit for Grammar, Usage",216,5.9,"Language: Understand, Edit for Mechanics",221,6.5,,,,,,
Spring 2025-2026,AISA (sample data),AISA Demo School,Rahimi,6A,D250058,Sharma,Aarav,6,Language Usage,Language Usage,Growth: Language 2-12 CCSS 2010 V2,5/8/2026,29,212,3.0,55,3,,,"Writing: Write, Revise Texts for Purpose and Audience",206,6.3,"Language: Understand, Edit for Grammar, Usage",221,6.0,"Language: Understand, Edit for Mechanics",207,6.3,,,,,,
Spring 2025-2026,AISA (sample data),AISA Demo School,Rahimi,6A,D250049,Tesfaye,Abebe,6,Language Usage,Language Usage,Growth: Language 2-12 CCSS 2010 V2,5/8/2026,32,235,3.1,94,4,,,"Writing: Write, Revise Texts for Purpose and Audience",243,6.4,"Language: Understand, Edit for Grammar, Usage",221,6.3,"Language: Understand, Edit for Mechanics",242,5.9,,,,,,
Spring 2025-2026,AISA (sample data),AISA Demo School,Rahimi,6A,D250068,Watanabe,Sora,6,Language Usage,Language Usage,Growth: Language 2-12 CCSS 2010 V2,5/8/2026,47,235,3.3,94,8,,,"Writing: Write, Revise Texts for Purpose and Audience",234,6.2,"Language: Understand, Edit for Grammar, Usage",247,6.0,"Language: Understand, Edit for Mechanics",223,6.2,,,,,,
Spring 2025-2026,AISA (sample data),AISA Demo School,Rahimi,6A,D250066,Chowdhury,Farhan,6,Mathematics,Math K-12,Growth: Math 6+ CCSS 2010 V2,5/13/2026,65,224,2.9,59,4,,925Q,Operations and Algebraic Thinking,229,6.5,The Real and Complex Number Systems,221,6.8,Geometry,219,6.8,Statistics and Probability,225,6.4,,,
Spring 2025-2026,AISA (sample data),AISA Demo School,Rahimi,6A,D250056,Eze,Chidi,6,Mathematics,Math K-12,Growth: Math 6+ CCSS 2010 V2,5/13/2026,43,245,3.1,92,3,,1240Q,Operations and Algebraic Thinking,232,6.8,The Real and Complex Number Systems,247,6.9,Geometry,249,6.4,Statistics and Probability,252,6.6,,,
Spring 2025-2026,AISA (sample data),AISA Demo School,Rahimi,6A,D250054,Fernandes,Hugo,6,Mathematics,Math K-12,Growth: Math 6+ CCSS 2010 V2,5/13/2026,77,230,3.0,71,1,,1015Q,Operations and Algebraic Thinking,224,6.9,The Real and Complex Number Systems,239,6.7,Geometry,226,6.7,Statistics and Probability,229,6.8,,,
Spring 2025-2026,AISA (sample data),AISA Demo School,Rahimi,6A,D250055,Hamdi,Rania,6,Mathematics,Math K-12,Growth: Math 6+ CCSS 2010 V2,5/13/2026,41,208,3.0,25,0,,685Q,Operations and Algebraic Thinking,213,6.7,The Real and Complex Number Systems,201,6.7,Geometry,210,6.2,Statistics and Probability,208,6.6,,,
Spring 2025-2026,AISA (sample data),AISA Demo School,Rahimi,6A,D250064,Horvat,Luka,6,Mathematics,Math K-12,Growth: Math 6+ CCSS 2010 V2,5/13/2026,48,220,3.0,50,0,,865Q,Operations and Algebraic Thinking,222,7.0,The Real and Complex Number Systems,222,6.5,Geometry,213,6.9,Statistics and Probability,222,6.5,,,
Spring 2025-2026,AISA (sample data),AISA Demo School,Rahimi,6A,D250052,Hosseini,Shirin,6,Mathematics,Math K-12,Growth: Math 6+ CCSS 2010 V2,5/13/2026,47,238,3.0,84,0,,1135Q,Operations and Algebraic Thinking,235,6.4,The Real and Complex Number Systems,240,6.5,Geometry,230,6.8,Statistics and Probability,249,6.3,,,
Spring 2025-2026,AISA (sample data),AISA Demo School,Rahimi,6A,D250067,Hughes,Olivia,6,Mathematics,Math K-12,Growth: Math 6+ CCSS 2010 V2,5/13/2026,73,217,3.0,43,0,,820Q,Operations and Algebraic Thinking,211,6.9,The Real and Complex Number Systems,208,6.2,Geometry,223,7.0,Statistics and Probability,226,6.2,,,
Spring 2025-2026,AISA (sample data),AISA Demo School,Rahimi,6A,D250048,Kapoor,Ishaan,6,Mathematics,Math K-12,Growth: Math 6+ CCSS 2010 V2,5/13/2026,52,218,3.0,46,0,,835Q,Operations and Algebraic Thinking,222,6.5,The Real and Complex Number Systems,218,6.2,Geometry,208,6.8,Statistics and Probability,223,6.9,,,
Spring 2025-2026,AISA (sample data),AISA Demo School,Rahimi,6A,D250065,Kaya,Defne,6,Mathematics,Math K-12,Growth: Math 6+ CCSS 2010 V2,5/13/2026,48,236,3.1,81,1,,1105Q,Operations and Algebraic Thinking,242,6.9,The Real and Complex Number Systems,240,7.0,Geometry,233,6.2,Statistics and Probability,234,7.0,,,
Spring 2025-2026,AISA (sample data),AISA Demo School,Rahimi,6A,D250050,Kowalska,Zofia,6,Mathematics,Math K-12,Growth: Math 6+ CCSS 2010 V2,5/13/2026,47,238,3.0,84,0,,1135Q,Operations and Algebraic Thinking,242,6.5,The Real and Complex Number Systems,240,6.6,Geometry,226,6.9,Statistics and Probability,241,6.3,,,
Spring 2025-2026,AISA (sample data),AISA Demo School,Rahimi,6A,D250053,Lim,Jia Hui,6,Mathematics,Math K-12,Growth: Math 6+ CCSS 2010 V2,5/13/2026,58,222,3.0,54,3,,895Q,Operations and Algebraic Thinking,217,6.9,The Real and Complex Number Systems,216,6.4,Geometry,229,6.9,Statistics and Probability,223,6.4,,,
Spring 2025-2026,AISA (sample data),AISA Demo School,Rahimi,6A,D250059,Mendoza,Lucía,6,Mathematics,Math K-12,Growth: Math 6+ CCSS 2010 V2,5/13/2026,50,224,3.2,59,3,,925Q,Operations and Algebraic Thinking,227,7.0,The Real and Complex Number Systems,210,6.9,Geometry,224,6.5,Statistics and Probability,236,6.9,,,
Spring 2025-2026,AISA (sample data),AISA Demo School,Rahimi,6A,D250061,Moreau,Inès,6,Mathematics,Math K-12,Growth: Math 6+ CCSS 2010 V2,5/13/2026,74,200,3.1,13,0,,565Q,Operations and Algebraic Thinking,206,7.0,The Real and Complex Number Systems,189,6.6,Geometry,207,6.2,Statistics and Probability,203,6.6,,,
Spring 2025-2026,AISA (sample data),AISA Demo School,Rahimi,6A,D250063,Mwangi,Nia,6,Mathematics,Math K-12,Growth: Math 6+ CCSS 2010 V2,5/13/2026,45,222,3.1,54,6,,895Q,Operations and Algebraic Thinking,223,6.5,The Real and Complex Number Systems,221,6.5,Geometry,222,6.4,Statistics and Probability,222,7.0,,,
Spring 2025-2026,AISA (sample data),AISA Demo School,Rahimi,6A,D250060,Nguyen,Minh,6,Mathematics,Math K-12,Growth: Math 6+ CCSS 2010 V2,5/13/2026,51,217,2.9,43,0,,820Q,Operations and Algebraic Thinking,227,6.4,The Real and Complex Number Systems,215,7.0,Geometry,204,6.3,Statistics and Probability,220,6.3,,,
Spring 2025-2026,AISA (sample data),AISA Demo School,Rahimi,6A,D250057,Nyberg,Astrid,6,Mathematics,Math K-12,Growth: Math 6+ CCSS 2010 V2,5/19/2026,47,237,3.1,83,3,,1120Q,Operations and Algebraic Thinking,234,6.8,The Real and Complex Number Systems,240,6.5,Geometry,229,6.6,Statistics and Probability,242,6.9,,,
Spring 2025-2026,AISA (sample data),AISA Demo School,Rahimi,6A,D250069,Ochieng,Makena,6,Mathematics,Math K-12,Growth: Math 6+ CCSS 2010 V2,5/13/2026,43,238,3.2,84,0,,1135Q,Operations and Algebraic Thinking,242,6.7,The Real and Complex Number Systems,241,6.7,Geometry,236,6.9,Statistics and Probability,234,6.6,,,
Spring 2025-2026,AISA (sample data),AISA Demo School,Rahimi,6A,D250051,Ortiz,Joaquín,6,Mathematics,Math K-12,Growth: Math 6+ CCSS 2010 V2,5/13/2026,37,244,3.1,91,8,,1225Q,Operations and Algebraic Thinking,246,6.4,The Real and Complex Number Systems,239,6.6,Geometry,236,6.7,Statistics and Probability,256,6.6,,,
Spring 2025-2026,AISA (sample data),AISA Demo School,Rahimi,6A,D250047,Papadopoulos,Sofia,6,Mathematics,Math K-12,Growth: Math 6+ CCSS 2010 V2,5/13/2026,51,239,3.0,85,0,,1150Q,Operations and Algebraic Thinking,240,6.6,The Real and Complex Number Systems,241,7.0,Geometry,235,6.6,Statistics and Probability,239,6.4,,,
Spring 2025-2026,AISA (sample data),AISA Demo School,Rahimi,6A,D250062,Qasim,Tariq,6,Mathematics,Math K-12,Growth: Math 6+ CCSS 2010 V2,5/13/2026,67,236,3.1,81,0,,1105Q,Operations and Algebraic Thinking,229,6.5,The Real and Complex Number Systems,255,7.0,Geometry,234,6.6,Statistics and Probability,225,6.5,,,
Spring 2025-2026,AISA (sample data),AISA Demo School,Rahimi,6A,D250046,Saleh,Yousef,6,Mathematics,Math K-12,Growth: Math 6+ CCSS 2010 V2,5/13/2026,71,210,2.9,29,0,,715Q,Operations and Algebraic Thinking,217,6.3,The Real and Complex Number Systems,207,6.7,Geometry,210,6.4,Statistics and Probability,202,6.2,,,
Spring 2025-2026,AISA (sample data),AISA Demo School,Rahimi,6A,D250058,Sharma,Aarav,6,Mathematics,Math K-12,Growth: Math 6+ CCSS 2010 V2,5/13/2026,39,182,3.2,2,5,,295Q,Operations and Algebraic Thinking,189,6.4,The Real and Complex Number Systems,191,6.8,Geometry,175,6.4,Statistics and Probability,174,6.5,,,
Spring 2025-2026,AISA (sample data),AISA Demo School,Rahimi,6A,D250049,Tesfaye,Abebe,6,Mathematics,Math K-12,Growth: Math 6+ CCSS 2010 V2,5/13/2026,36,224,3.1,59,1,,925Q,Operations and Algebraic Thinking,222,6.6,The Real and Complex Number Systems,229,6.9,Geometry,228,6.3,Statistics and Probability,218,6.4,,,
Spring 2025-2026,AISA (sample data),AISA Demo School,Rahimi,6A,D250068,Watanabe,Sora,6,Mathematics,Math K-12,Growth: Math 6+ CCSS 2010 V2,5/13/2026,58,266,3.2,99,0,,1555Q,Operations and Algebraic Thinking,271,6.9,The Real and Complex Number Systems,271,6.7,Geometry,256,6.7,Statistics and Probability,265,7.0,,,
Spring 2025-2026,AISA (sample data),AISA Demo School,Rahimi,6A,D250066,Chowdhury,Farhan,6,Science,Science K-12,Growth: Science 6-8 for use with NGSS 2013,5/15/2026,42,218,2.9,78,0,,,Life Science,224,6.6,Earth and Space Science,219,6.1,Physical Science,211,6.2,,,,,,
Spring 2025-2026,AISA (sample data),AISA Demo School,Rahimi,6A,D250056,Eze,Chidi,6,Science,Science K-12,Growth: Science 6-8 for use with NGSS 2013,5/15/2026,31,219,3.2,80,8,,,Life Science,224,6.5,Earth and Space Science,222,6.7,Physical Science,210,6.3,,,,,,
Spring 2025-2026,AISA (sample data),AISA Demo School,Rahimi,6A,D250054,Fernandes,Hugo,6,Science,Science K-12,Growth: Science 6-8 for use with NGSS 2013,5/15/2026,47,219,3.2,80,0,,,Life Science,223,6.6,Earth and Space Science,215,6.6,Physical Science,221,6.4,,,,,,
Spring 2025-2026,AISA (sample data),AISA Demo School,Rahimi,6A,D250055,Hamdi,Rania,6,Science,Science K-12,Growth: Science 6-8 for use with NGSS 2013,5/15/2026,37,209,3.1,56,5,,,Life Science,215,6.6,Earth and Space Science,197,6.4,Physical Science,216,6.3,,,,,,
Spring 2025-2026,AISA (sample data),AISA Demo School,Rahimi,6A,D250064,Horvat,Luka,6,Science,Science K-12,Growth: Science 6-8 for use with NGSS 2013,5/15/2026,44,223,3.1,87,1,,,Life Science,238,6.3,Earth and Space Science,208,6.3,Physical Science,220,6.4,,,,,,
Spring 2025-2026,AISA (sample data),AISA Demo School,Rahimi,6A,D250052,Hosseini,Shirin,6,Science,Science K-12,Growth: Science 6-8 for use with NGSS 2013,5/15/2026,38,224,3.3,89,0,,,Life Science,223,6.6,Earth and Space Science,218,6.1,Physical Science,232,6.1,,,,,,
Spring 2025-2026,AISA (sample data),AISA Demo School,Rahimi,6A,D250067,Hughes,Olivia,6,Science,Science K-12,Growth: Science 6-8 for use with NGSS 2013,5/15/2026,50,213,3.1,67,2,,,Life Science,209,6.2,Earth and Space Science,213,6.7,Physical Science,215,6.3,,,,,,
Spring 2025-2026,AISA (sample data),AISA Demo School,Rahimi,6A,D250048,Kapoor,Ishaan,6,Science,Science K-12,Growth: Science 6-8 for use with NGSS 2013,5/15/2026,37,201,3.2,33,8,,,Life Science,207,6.5,Earth and Space Science,189,6.6,Physical Science,205,6.5,,,,,,
Spring 2025-2026,AISA (sample data),AISA Demo School,Rahimi,6A,D250065,Kaya,Defne,6,Science,Science K-12,Growth: Science 6-8 for use with NGSS 2013,5/15/2026,32,226,3.1,91,0,,,Life Science,218,6.7,Earth and Space Science,221,6.7,Physical Science,238,6.2,,,,,,
Spring 2025-2026,AISA (sample data),AISA Demo School,Rahimi,6A,D250050,Kowalska,Zofia,6,Science,Science K-12,Growth: Science 6-8 for use with NGSS 2013,5/15/2026,36,227,3.0,92,0,,,Life Science,225,6.8,Earth and Space Science,233,6.4,Physical Science,222,6.5,,,,,,
Spring 2025-2026,AISA (sample data),AISA Demo School,Rahimi,6A,D250053,Lim,Jia Hui,6,Science,Science K-12,Growth: Science 6-8 for use with NGSS 2013,5/15/2026,39,224,3.2,89,0,,,Life Science,223,6.6,Earth and Space Science,225,6.5,Physical Science,222,6.1,,,,,,
Spring 2025-2026,AISA (sample data),AISA Demo School,Rahimi,6A,D250059,Mendoza,Lucía,6,Science,Science K-12,Growth: Science 6-8 for use with NGSS 2013,5/15/2026,42,209,3.1,56,2,,,Life Science,197,6.5,Earth and Space Science,216,6.1,Physical Science,212,6.7,,,,,,
Spring 2025-2026,AISA (sample data),AISA Demo School,Rahimi,6A,D250061,Moreau,Inès,6,Science,Science K-12,Growth: Science 6-8 for use with NGSS 2013,5/15/2026,61,227,3.3,92,0,,,Life Science,224,6.6,Earth and Space Science,216,6.4,Physical Science,241,6.5,,,,,,
Spring 2025-2026,AISA (sample data),AISA Demo School,Rahimi,6A,D250063,Mwangi,Nia,6,Science,Science K-12,Growth: Science 6-8 for use with NGSS 2013,5/15/2026,35,211,3.1,61,0,,,Life Science,212,6.7,Earth and Space Science,208,6.8,Physical Science,215,6.1,,,,,,
Spring 2025-2026,AISA (sample data),AISA Demo School,Rahimi,6A,D250060,Nguyen,Minh,6,Science,Science K-12,Growth: Science 6-8 for use with NGSS 2013,5/15/2026,43,231,3.2,96,6,,,Life Science,230,6.8,Earth and Space Science,228,6.1,Physical Science,235,6.6,,,,,,
Spring 2025-2026,AISA (sample data),AISA Demo School,Rahimi,6A,D250057,Nyberg,Astrid,6,Science,Science K-12,Growth: Science 6-8 for use with NGSS 2013,5/19/2026,33,227,3.2,92,1,,,Life Science,225,6.6,Earth and Space Science,230,6.6,Physical Science,224,6.8,,,,,,
Spring 2025-2026,AISA (sample data),AISA Demo School,Rahimi,6A,D250069,Ochieng,Makena,6,Science,Science K-12,Growth: Science 6-8 for use with NGSS 2013,5/15/2026,36,222,3.1,86,7,,,Life Science,218,6.2,Earth and Space Science,217,6.8,Physical Science,231,6.5,,,,,,
Spring 2025-2026,AISA (sample data),AISA Demo School,Rahimi,6A,D250051,Ortiz,Joaquín,6,Science,Science K-12,Growth: Science 6-8 for use with NGSS 2013,5/15/2026,31,212,3.0,64,6,,,Life Science,208,6.7,Earth and Space Science,214,6.2,Physical Science,213,6.5,,,,,,
Spring 2025-2026,AISA (sample data),AISA Demo School,Rahimi,6A,D250047,Papadopoulos,Sofia,6,Science,Science K-12,Growth: Science 6-8 for use with NGSS 2013,5/15/2026,37,222,3.0,86,4,,,Life Science,227,6.6,Earth and Space Science,214,6.7,Physical Science,225,6.3,,,,,,
Spring 2025-2026,AISA (sample data),AISA Demo School,Rahimi,6A,D250062,Qasim,Tariq,6,Science,Science K-12,Growth: Science 6-8 for use with NGSS 2013,5/15/2026,47,196,3.1,22,0,,,Life Science,194,6.4,Earth and Space Science,190,6.5,Physical Science,202,6.4,,,,,,
Spring 2025-2026,AISA (sample data),AISA Demo School,Rahimi,6A,D250046,Saleh,Yousef,6,Science,Science K-12,Growth: Science 6-8 for use with NGSS 2013,5/15/2026,62,214,3.2,69,0,,,Life Science,215,6.4,Earth and Space Science,216,6.2,Physical Science,212,6.4,,,,,,
Spring 2025-2026,AISA (sample data),AISA Demo School,Rahimi,6A,D250058,Sharma,Aarav,6,Science,Science K-12,Growth: Science 6-8 for use with NGSS 2013,5/15/2026,28,201,3.1,33,3,,,Life Science,202,6.1,Earth and Space Science,208,6.8,Physical Science,195,6.3,,,,,,
Spring 2025-2026,AISA (sample data),AISA Demo School,Rahimi,6A,D250049,Tesfaye,Abebe,6,Science,Science K-12,Growth: Science 6-8 for use with NGSS 2013,5/15/2026,33,221,3.2,84,0,,,Life Science,226,6.7,Earth and Space Science,224,6.0,Physical Science,213,6.6,,,,,,
Spring 2025-2026,AISA (sample data),AISA Demo School,Rahimi,6A,D250068,Watanabe,Sora,6,Science,Science K-12,Growth: Science 6-8 for use with NGSS 2013,5/15/2026,47,232,3.3,96,4,,,Life Science,231,6.3,Earth and Space Science,231,6.1,Physical Science,232,6.1,,,,,,
Spring 2025-2026,AISA (sample data),AISA Demo School,Rahimi,6B,D250078,Adeyemi,Ayo,6,Reading,Reading,Growth: Reading 6+ CCSS 2010 V4,5/6/2026,44,229,3.2,84,0,1080L,,Literary Text: Key Ideas and Details,214,7.7,"Literary Text: Language, Craft, and Structure",231,7.6,Informational Text: Key Ideas and Details,236,7.1,"Informational Text: Language, Craft, and Structure",235,7.7,Vocabulary: Acquisition and Use,225,7.2
Spring 2025-2026,AISA (sample data),AISA Demo School,Rahimi,6B,D250080,Aliyev,Arman,6,Reading,Reading,Growth: Reading 6+ CCSS 2010 V4,5/6/2026,62,182,3.2,4,0,305L,,Literary Text: Key Ideas and Details,176,7.6,"Literary Text: Language, Craft, and Structure",185,7.3,Informational Text: Key Ideas and Details,189,7.2,"Informational Text: Language, Craft, and Structure",186,7.5,Vocabulary: Acquisition and Use,174,7.7
Spring 2025-2026,AISA (sample data),AISA Demo School,Rahimi,6B,D250070,Barakat,Hadi,6,Reading,Reading,Growth: Reading 6+ CCSS 2010 V4,5/6/2026,46,241,3.1,96,0,1275L,,Literary Text: Key Ideas and Details,249,7.2,"Literary Text: Language, Craft, and Structure",234,7.1,Informational Text: Key Ideas and Details,241,7.5,"Informational Text: Language, Craft, and Structure",247,7.4,Vocabulary: Acquisition and Use,238,7.6
Spring 2025-2026,AISA (sample data),AISA Demo School,Rahimi,6B,D250089,Berg,Tobias,6,Reading,Reading,Growth: Reading 6+ CCSS 2010 V4,5/6/2026,51,204,3.2,32,0,665L,,Literary Text: Key Ideas and Details,202,7.6,"Literary Text: Language, Craft, and Structure",206,7.1,Informational Text: Key Ideas and Details,206,7.4,"Informational Text: Language, Craft, and Structure",206,7.3,Vocabulary: Acquisition and Use,196,7.4
Spring 2025-2026,AISA (sample data),AISA Demo School,Rahimi,6B,D250077,Costa,Isabela,6,Reading,Reading,Growth: Reading 6+ CCSS 2010 V4,5/6/2026,59,222,3.0,72,0,965L,,Literary Text: Key Ideas and Details,215,7.2,"Literary Text: Language, Craft, and Structure",240,7.6,Informational Text: Key Ideas and Details,219,7.4,"Informational Text: Language, Craft, and Structure",225,7.7,Vocabulary: Acquisition and Use,212,7.0
Spring 2025-2026,AISA (sample data),AISA Demo School,Rahimi,6B,D250073,Diallo,Fatou,6,Reading,Reading,Growth: Reading 6+ CCSS 2010 V4,5/6/2026,51,223,3.0,74,0,980L,,Literary Text: Key Ideas and Details,215,7.2,"Literary Text: Language, Craft, and Structure",224,7.3,Informational Text: Key Ideas and Details,227,7.0,"Informational Text: Language, Craft, and Structure",225,7.7,Vocabulary: Acquisition and Use,230,7.1
Spring 2025-2026,AISA (sample data),AISA Demo School,Rahimi,6B,D250090,Haddad,Samira,6,Reading,Reading,Growth: Reading 6+ CCSS 2010 V4,5/6/2026,54,199,3.1,22,0,585L,,Literary Text: Key Ideas and Details,206,7.7,"Literary Text: Language, Craft, and Structure",202,7.3,Informational Text: Key Ideas and Details,199,7.6,"Informational Text: Language, Craft, and Structure",191,7.1,Vocabulary: Acquisition and Use,194,7.7
Spring 2025-2026,AISA (sample data),AISA Demo School,Rahimi,6B,D250082,Ivanova,Anya,6,Reading,Reading,Growth: Reading 6+ CCSS 2010 V4,5/6/2026,54,212,3.0,50,0,800L,,Literary Text: Key Ideas and Details,215,7.4,"Literary Text: Language, Craft, and Structure",205,7.1,Informational Text: Key Ideas and Details,217,7.2,"Informational Text: Language, Craft, and Structure",212,7.0,Vocabulary: Acquisition and Use,210,7.6
Spring 2025-2026,AISA (sample data),AISA Demo School,Rahimi,6B,D250084,Jaber,Reem,6,Reading,Reading,Growth: Reading 6+ CCSS 2010 V4,5/6/2026,43,247,3.2,98,0,1375L,,Literary Text: Key Ideas and Details,260,7.6,"Literary Text: Language, Craft, and Structure",241,7.7,Informational Text: Key Ideas and Details,247,7.5,"Informational Text: Language, Craft, and Structure",257,7.6,Vocabulary: Acquisition and Use,233,7.6
Spring 2025-2026,AISA (sample data),AISA Demo School,Rahimi,6B,D250081,Joshi,Saanvi,6,Reading,Reading,Growth: Reading 6+ CCSS 2010 V4,5/6/2026,35,224,3.0,76,0,995L,,Literary Text: Key Ideas and Details,235,7.7,"Literary Text: Language, Craft, and Structure",213,7.7,Informational Text: Key Ideas and Details,230,7.8,"Informational Text: Language, Craft, and Structure",228,7.1,Vocabulary: Acquisition and Use,215,7.7
Spring 2025-2026,AISA (sample data),AISA Demo School,Rahimi,6B,D250076,Lee,Ji-ho,6,Reading,Reading,Growth: Reading 6+ CCSS 2010 V4,5/6/2026,46,240,3.2,95,0,1260L,,Literary Text: Key Ideas and Details,232,7.1,"Literary Text: Language, Craft, and Structure",241,7.3,Informational Text: Key Ideas and Details,242,7.4,"Informational Text: Language, Craft, and Structure",255,7.6,Vocabulary: Acquisition and Use,228,7.3
Spring 2025-2026,AISA (sample data),AISA Demo School,Rahimi,6B,D250086,Okoro,Grace,6,Reading,Reading,Growth: Reading 6+ CCSS 2010 V4,5/6/2026,72,231,3.4,87,4,1110L,,Literary Text: Key Ideas and Details,228,7.1,"Literary Text: Language, Craft, and Structure",228,7.6,Informational Text: Key Ideas and Details,234,7.6,"Informational Text: Language, Craft, and Structure",241,7.3,Vocabulary: Acquisition and Use,229,7.2
Spring 2025-2026,AISA (sample data),AISA Demo School,Rahimi,6B,D250087,Othman,Faisal,6,Reading,Reading,Growth: Reading 6+ CCSS 2010 V4,5/6/2026,57,224,3.0,76,0,995L,,Literary Text: Key Ideas and Details,228,7.4,"Literary Text: Language, Craft, and Structure",221,7.0,Informational Text: Key Ideas and Details,226,7.3,"Informational Text: Language, Craft, and Structure",222,7.6,Vocabulary: Acquisition and Use,221,7.7
Spring 2025-2026,AISA (sample data),AISA Demo School,Rahimi,6B,D250071,Pillai,Meera,6,Reading,Reading,Growth: Reading 6+ CCSS 2010 V4,5/6/2026,49,221,3.1,70,8,945L,,Literary Text: Key Ideas and Details,233,7.1,"Literary Text: Language, Craft, and Structure",208,7.3,Informational Text: Key Ideas and Details,220,7.6,"Informational Text: Language, Craft, and Structure",218,7.4,Vocabulary: Acquisition and Use,225,7.5
Spring 2025-2026,AISA (sample data),AISA Demo School,Rahimi,6B,D250072,Ramírez,Mateo,6,Reading,Reading,Growth: Reading 6+ CCSS 2010 V4,5/6/2026,61,215,3.0,57,0,850L,,Literary Text: Key Ideas and Details,223,7.5,"Literary Text: Language, Craft, and Structure",214,7.8,Informational Text: Key Ideas and Details,227,7.6,"Informational Text: Language, Craft, and Structure",206,7.5,Vocabulary: Acquisition and Use,207,7.5
Spring 2025-2026,AISA (sample data),AISA Demo School,Rahimi,6B,D250088,Rao,Aditi,6,Reading,Reading,Growth: Reading 6+ CCSS 2010 V4,5/6/2026,36,185,3.1,6,0,355L,,Literary Text: Key Ideas and Details,188,7.5,"Literary Text: Language, Craft, and Structure",185,7.7,Informational Text: Key Ideas and Details,177,7.6,"Informational Text: Language, Craft, and Structure",201,7.3,Vocabulary: Acquisition and Use,176,7.0
Spring 2025-2026,AISA (sample data),AISA Demo School,Rahimi,6B,D250079,Sabbagh,Lina,6,Reading,Reading,Growth: Reading 6+ CCSS 2010 V4,5/6/2026,39,218,2.8,64,7,895L,,Literary Text: Key Ideas and Details,228,7.3,"Literary Text: Language, Craft, and Structure",234,7.8,Informational Text: Key Ideas and Details,224,7.3,"Informational Text: Language, Craft, and Structure",196,7.8,Vocabulary: Acquisition and Use,207,7.6
Spring 2025-2026,AISA (sample data),AISA Demo School,Rahimi,6B,D250075,Siddiqui,Zara,6,Reading,Reading,Growth: Reading 6+ CCSS 2010 V4,5/6/2026,42,217,3.3,62,0,880L,,Literary Text: Key Ideas and Details,203,7.5,"Literary Text: Language, Craft, and Structure",226,7.2,Informational Text: Key Ideas and Details,224,7.1,"Informational Text: Language, Craft, and Structure",218,7.2,Vocabulary: Acquisition and Use,212,7.5
Spring 2025-2026,AISA (sample data),AISA Demo School,Rahimi,6B,D250074,Sokolov,Ilya,6,Reading,Reading,Growth: Reading 6+ CCSS 2010 V4,5/6/2026,52,184,3.2,5,0,335L,,Literary Text: Key Ideas and Details,179,7.0,"Literary Text: Language, Craft, and Structure",192,7.5,Informational Text: Key Ideas and Details,172,7.4,"Informational Text: Language, Craft, and Structure",193,7.7,Vocabulary: Acquisition and Use,189,7.2
Spring 2025-2026,AISA (sample data),AISA Demo School,Rahimi,6B,D250083,Walsh,Liam,6,Reading,Reading,Growth: Reading 6+ CCSS 2010 V4,5/6/2026,42,227,3.0,81,0,1045L,,Literary Text: Key Ideas and Details,221,7.2,"Literary Text: Language, Craft, and Structure",222,7.8,Informational Text: Key Ideas and Details,226,7.4,"Informational Text: Language, Craft, and Structure",228,7.5,Vocabulary: Acquisition and Use,236,7.5
Spring 2025-2026,AISA (sample data),AISA Demo School,Rahimi,6B,D250085,Wong,Jun,6,Reading,Reading,Growth: Reading 6+ CCSS 2010 V4,5/6/2026,52,215,3.2,57,0,850L,,Literary Text: Key Ideas and Details,205,7.0,"Literary Text: Language, Craft, and Structure",218,7.5,Informational Text: Key Ideas and Details,218,7.2,"Informational Text: Language, Craft, and Structure",224,7.6,Vocabulary: Acquisition and Use,208,7.5
Spring 2025-2026,AISA (sample data),AISA Demo School,Rahimi,6B,D250078,Adeyemi,Ayo,6,Language Usage,Language Usage,Growth: Language 2-12 CCSS 2010 V2,5/8/2026,39,205,2.9,38,0,,,"Writing: Write, Revise Texts for Purpose and Audience",204,5.8,"Language: Understand, Edit for Grammar, Usage",215,6.3,"Language: Understand, Edit for Mechanics",199,6.2,,,,,,
Spring 2025-2026,AISA (sample data),AISA Demo School,Rahimi,6B,D250080,Aliyev,Arman,6,Language Usage,Language Usage,Growth: Language 2-12 CCSS 2010 V2,5/8/2026,57,185,3.2,6,1,,,"Writing: Write, Revise Texts for Purpose and Audience",185,6.0,"Language: Understand, Edit for Grammar, Usage",183,6.0,"Language: Understand, Edit for Mechanics",188,6.0,,,,,,
Spring 2025-2026,AISA (sample data),AISA Demo School,Rahimi,6B,D250070,Barakat,Hadi,6,Language Usage,Language Usage,Growth: Language 2-12 CCSS 2010 V2,5/8/2026,44,221,3.0,75,3,,,"Writing: Write, Revise Texts for Purpose and Audience",220,5.9,"Language: Understand, Edit for Grammar, Usage",228,6.5,"Language: Understand, Edit for Mechanics",218,6.1,,,,,,
Spring 2025-2026,AISA (sample data),AISA Demo School,Rahimi,6B,D250089,Berg,Tobias,6,Language Usage,Language Usage,Growth: Language 2-12 CCSS 2010 V2,5/8/2026,40,212,3.1,55,0,,,"Writing: Write, Revise Texts for Purpose and Audience",210,6.1,"Language: Understand, Edit for Grammar, Usage",212,6.4,"Language: Understand, Edit for Mechanics",214,6.4,,,,,,
Spring 2025-2026,AISA (sample data),AISA Demo School,Rahimi,6B,D250077,Costa,Isabela,6,Language Usage,Language Usage,Growth: Language 2-12 CCSS 2010 V2,5/8/2026,46,231,3.2,91,0,,,"Writing: Write, Revise Texts for Purpose and Audience",232,6.2,"Language: Understand, Edit for Grammar, Usage",237,6.6,"Language: Understand, Edit for Mechanics",224,6.2,,,,,,
Spring 2025-2026,AISA (sample data),AISA Demo School,Rahimi,6B,D250073,Diallo,Fatou,6,Language Usage,Language Usage,Growth: Language 2-12 CCSS 2010 V2,5/8/2026,43,207,3.2,43,2,,,"Writing: Write, Revise Texts for Purpose and Audience",213,6.3,"Language: Understand, Edit for Grammar, Usage",207,6.2,"Language: Understand, Edit for Mechanics",200,6.3,,,,,,
Spring 2025-2026,AISA (sample data),AISA Demo School,Rahimi,6B,D250090,Haddad,Samira,6,Language Usage,Language Usage,Growth: Language 2-12 CCSS 2010 V2,5/8/2026,60,187,3.2,8,0,,,"Writing: Write, Revise Texts for Purpose and Audience",191,6.5,"Language: Understand, Edit for Grammar, Usage",192,6.0,"Language: Understand, Edit for Mechanics",179,6.2,,,,,,
Spring 2025-2026,AISA (sample data),AISA Demo School,Rahimi,6B,D250082,Ivanova,Anya,6,Language Usage,Language Usage,Growth: Language 2-12 CCSS 2010 V2,5/8/2026,45,211,3.0,52,0,,,"Writing: Write, Revise Texts for Purpose and Audience",207,6.5,"Language: Understand, Edit for Grammar, Usage",215,6.2,"Language: Understand, Edit for Mechanics",212,6.1,,,,,,
Spring 2025-2026,AISA (sample data),AISA Demo School,Rahimi,6B,D250084,Jaber,Reem,6,Language Usage,Language Usage,Growth: Language 2-12 CCSS 2010 V2,5/8/2026,41,241,3.1,97,4,,,"Writing: Write, Revise Texts for Purpose and Audience",246,6.4,"Language: Understand, Edit for Grammar, Usage",245,6.1,"Language: Understand, Edit for Mechanics",233,6.3,,,,,,
Spring 2025-2026,AISA (sample data),AISA Demo School,Rahimi,6B,D250081,Joshi,Saanvi,6,Language Usage,Language Usage,Growth: Language 2-12 CCSS 2010 V2,5/8/2026,33,196,3.2,19,7,,,"Writing: Write, Revise Texts for Purpose and Audience",200,6.4,"Language: Understand, Edit for Grammar, Usage",190,6.3,"Language: Understand, Edit for Mechanics",201,6.5,,,,,,
Spring 2025-2026,AISA (sample data),AISA Demo School,Rahimi,6B,D250076,Lee,Ji-ho,6,Language Usage,Language Usage,Growth: Language 2-12 CCSS 2010 V2,5/8/2026,38,218,3.1,69,0,,,"Writing: Write, Revise Texts for Purpose and Audience",225,6.5,"Language: Understand, Edit for Grammar, Usage",224,6.5,"Language: Understand, Edit for Mechanics",203,6.0,,,,,,
Spring 2025-2026,AISA (sample data),AISA Demo School,Rahimi,6B,D250086,Okoro,Grace,6,Language Usage,Language Usage,Growth: Language 2-12 CCSS 2010 V2,5/8/2026,61,224,3.1,81,2,,,"Writing: Write, Revise Texts for Purpose and Audience",228,6.1,"Language: Understand, Edit for Grammar, Usage",223,6.1,"Language: Understand, Edit for Mechanics",220,6.1,,,,,,
Spring 2025-2026,AISA (sample data),AISA Demo School,Rahimi,6B,D250087,Othman,Faisal,6,Language Usage,Language Usage,Growth: Language 2-12 CCSS 2010 V2,5/8/2026,52,231,3.2,91,0,,,"Writing: Write, Revise Texts for Purpose and Audience",225,6.0,"Language: Understand, Edit for Grammar, Usage",231,6.1,"Language: Understand, Edit for Mechanics",233,6.1,,,,,,
Spring 2025-2026,AISA (sample data),AISA Demo School,Rahimi,6B,D250071,Pillai,Meera,6,Language Usage,Language Usage,Growth: Language 2-12 CCSS 2010 V2,5/8/2026,46,220,3.2,73,3,,,"Writing: Write, Revise Texts for Purpose and Audience",214,6.3,"Language: Understand, Edit for Grammar, Usage",219,6.0,"Language: Understand, Edit for Mechanics",228,6.1,,,,,,
Spring 2025-2026,AISA (sample data),AISA Demo School,Rahimi,6B,D250072,Ramírez,Mateo,6,Language Usage,Language Usage,Growth: Language 2-12 CCSS 2010 V2,5/8/2026,57,213,3.1,57,0,,,"Writing: Write, Revise Texts for Purpose and Audience",197,5.9,"Language: Understand, Edit for Grammar, Usage",229,5.9,"Language: Understand, Edit for Mechanics",212,6.5,,,,,,
Spring 2025-2026,AISA (sample data),AISA Demo School,Rahimi,6B,D250088,Rao,Aditi,6,Language Usage,Language Usage,Growth: Language 2-12 CCSS 2010 V2,5/8/2026,34,201,3.2,29,7,,,"Writing: Write, Revise Texts for Purpose and Audience",196,6.5,"Language: Understand, Edit for Grammar, Usage",197,6.1,"Language: Understand, Edit for Mechanics",209,6.4,,,,,,
Spring 2025-2026,AISA (sample data),AISA Demo School,Rahimi,6B,D250079,Sabbagh,Lina,6,Language Usage,Language Usage,Growth: Language 2-12 CCSS 2010 V2,5/8/2026,33,211,2.9,52,0,,,"Writing: Write, Revise Texts for Purpose and Audience",196,6.2,"Language: Understand, Edit for Grammar, Usage",212,5.9,"Language: Understand, Edit for Mechanics",225,6.5,,,,,,
Spring 2025-2026,AISA (sample data),AISA Demo School,Rahimi,6B,D250075,Siddiqui,Zara,6,Language Usage,Language Usage,Growth: Language 2-12 CCSS 2010 V2,5/8/2026,35,238,3.1,96,0,,,"Writing: Write, Revise Texts for Purpose and Audience",228,6.3,"Language: Understand, Edit for Grammar, Usage",247,6.3,"Language: Understand, Edit for Mechanics",238,6.6,,,,,,
Spring 2025-2026,AISA (sample data),AISA Demo School,Rahimi,6B,D250074,Sokolov,Ilya,6,Language Usage,Language Usage,Growth: Language 2-12 CCSS 2010 V2,5/8/2026,45,201,3.0,29,6,,,"Writing: Write, Revise Texts for Purpose and Audience",194,5.8,"Language: Understand, Edit for Grammar, Usage",210,6.3,"Language: Understand, Edit for Mechanics",199,6.4,,,,,,
Spring 2025-2026,AISA (sample data),AISA Demo School,Rahimi,6B,D250083,Walsh,Liam,6,Language Usage,Language Usage,Growth: Language 2-12 CCSS 2010 V2,5/8/2026,36,213,3.2,57,0,,,"Writing: Write, Revise Texts for Purpose and Audience",213,6.1,"Language: Understand, Edit for Grammar, Usage",214,5.8,"Language: Understand, Edit for Mechanics",211,6.5,,,,,,
Spring 2025-2026,AISA (sample data),AISA Demo School,Rahimi,6B,D250085,Wong,Jun,6,Language Usage,Language Usage,Growth: Language 2-12 CCSS 2010 V2,5/8/2026,44,214,3.0,60,0,,,"Writing: Write, Revise Texts for Purpose and Audience",224,6.5,"Language: Understand, Edit for Grammar, Usage",209,6.0,"Language: Understand, Edit for Mechanics",209,6.1,,,,,,
Spring 2025-2026,AISA (sample data),AISA Demo School,Rahimi,6B,D250078,Adeyemi,Ayo,6,Mathematics,Math K-12,Growth: Math 6+ CCSS 2010 V2,5/13/2026,51,236,3.2,81,7,,1105Q,Operations and Algebraic Thinking,235,6.6,The Real and Complex Number Systems,240,6.3,Geometry,223,6.9,Statistics and Probability,241,6.5,,,
Spring 2025-2026,AISA (sample data),AISA Demo School,Rahimi,6B,D250080,Aliyev,Arman,6,Mathematics,Math K-12,Growth: Math 6+ CCSS 2010 V2,5/13/2026,65,209,2.9,27,0,,700Q,Operations and Algebraic Thinking,221,6.5,The Real and Complex Number Systems,220,6.6,Geometry,199,6.5,Statistics and Probability,197,6.5,,,
Spring 2025-2026,AISA (sample data),AISA Demo School,Rahimi,6B,D250070,Barakat,Hadi,6,Mathematics,Math K-12,Growth: Math 6+ CCSS 2010 V2,5/13/2026,49,239,3.2,85,0,,1150Q,Operations and Algebraic Thinking,235,6.5,The Real and Complex Number Systems,244,6.8,Geometry,234,6.4,Statistics and Probability,245,6.5,,,
Spring 2025-2026,AISA (sample data),AISA Demo School,Rahimi,6B,D250089,Berg,Tobias,6,Mathematics,Math K-12,Growth: Math 6+ CCSS 2010 V2,5/13/2026,51,214,3.0,37,5,,775Q,Operations and Algebraic Thinking,217,6.2,The Real and Complex Number Systems,219,6.4,Geometry,206,6.8,Statistics and Probability,212,6.9,,,
Spring 2025-2026,AISA (sample data),AISA Demo School,Rahimi,6B,D250077,Costa,Isabela,6,Mathematics,Math K-12,Growth: Math 6+ CCSS 2010 V2,5/13/2026,68,252,3.2,96,4,,1345Q,Operations and Algebraic Thinking,261,6.4,The Real and Complex Number Systems,253,6.8,Geometry,254,6.8,Statistics and Probability,241,6.3,,,
Spring 2025-2026,AISA (sample data),AISA Demo School,Rahimi,6B,D250073,Diallo,Fatou,6,Mathematics,Math K-12,Growth: Math 6+ CCSS 2010 V2,5/13/2026,56,209,3.1,27,3,,700Q,Operations and Algebraic Thinking,199,6.8,The Real and Complex Number Systems,226,6.8,Geometry,208,6.3,Statistics and Probability,205,6.6,,,
Spring 2025-2026,AISA (sample data),AISA Demo School,Rahimi,6B,D250090,Haddad,Samira,6,Mathematics,Math K-12,Growth: Math 6+ CCSS 2010 V2,5/13/2026,62,182,3.3,2,0,,295Q,Operations and Algebraic Thinking,181,7.0,The Real and Complex Number Systems,181,6.6,Geometry,190,6.5,Statistics and Probability,172,6.4,,,
Spring 2025-2026,AISA (sample data),AISA Demo School,Rahimi,6B,D250082,Ivanova,Anya,6,Mathematics,Math K-12,Growth: Math 6+ CCSS 2010 V2,5/13/2026,64,214,3.0,37,3,,775Q,Operations and Algebraic Thinking,222,7.0,The Real and Complex Number Systems,210,6.5,Geometry,213,6.5,Statistics and Probability,210,6.9,,,
Spring 2025-2026,AISA (sample data),AISA Demo School,Rahimi,6B,D250084,Jaber,Reem,6,Mathematics,Math K-12,Growth: Math 6+ CCSS 2010 V2,5/13/2026,48,261,3.3,99,0,,1480Q,Operations and Algebraic Thinking,265,6.6,The Real and Complex Number Systems,267,6.2,Geometry,249,6.8,Statistics and Probability,265,6.5,,,
Spring 2025-2026,AISA (sample data),AISA Demo School,Rahimi,6B,D250081,Joshi,Saanvi,6,Mathematics,Math K-12,Growth: Math 6+ CCSS 2010 V2,5/13/2026,42,225,2.9,61,0,,940Q,Operations and Algebraic Thinking,224,6.8,The Real and Complex Number Systems,217,6.3,Geometry,228,7.0,Statistics and Probability,230,6.8,,,
Spring 2025-2026,AISA (sample data),AISA Demo School,Rahimi,6B,D250076,Lee,Ji-ho,6,Mathematics,Math K-12,Growth: Math 6+ CCSS 2010 V2,5/13/2026,50,219,3.0,48,0,,850Q,Operations and Algebraic Thinking,221,6.5,The Real and Complex Number Systems,227,6.8,Geometry,216,6.6,Statistics and Probability,213,6.7,,,
Spring 2025-2026,AISA (sample data),AISA Demo School,Rahimi,6B,D250086,Okoro,Grace,6,Mathematics,Math K-12,Growth: Math 6+ CCSS 2010 V2,5/13/2026,77,225,3.1,61,8,,940Q,Operations and Algebraic Thinking,240,6.4,The Real and Complex Number Systems,215,6.4,Geometry,212,6.3,Statistics and Probability,230,6.6,,,
Spring 2025-2026,AISA (sample data),AISA Demo School,Rahimi,6B,D250087,Othman,Faisal,6,Mathematics,Math K-12,Growth: Math 6+ CCSS 2010 V2,5/13/2026,64,236,3.3,81,1,,1105Q,Operations and Algebraic Thinking,241,6.4,The Real and Complex Number Systems,236,6.6,Geometry,232,6.4,Statistics and Probability,235,6.6,,,
Spring 2025-2026,AISA (sample data),AISA Demo School,Rahimi,6B,D250071,Pillai,Meera,6,Mathematics,Math K-12,Growth: Math 6+ CCSS 2010 V2,5/13/2026,50,228,3.1,67,0,,985Q,Operations and Algebraic Thinking,229,6.4,The Real and Complex Number Systems,240,6.5,Geometry,224,6.5,Statistics and Probability,219,6.5,,,
Spring 2025-2026,AISA (sample data),AISA Demo School,Rahimi,6B,D250072,Ramírez,Mateo,6,Mathematics,Math K-12,Growth: Math 6+ CCSS 2010 V2,5/13/2026,70,238,3.1,84,4,,1135Q,Operations and Algebraic Thinking,234,6.5,The Real and Complex Number Systems,252,6.8,Geometry,235,6.6,Statistics and Probability,235,6.2,,,
Spring 2025-2026,AISA (sample data),AISA Demo School,Rahimi,6B,D250088,Rao,Aditi,6,Mathematics,Math K-12,Growth: Math 6+ CCSS 2010 V2,5/13/2026,41,200,2.9,13,0,,565Q,Operations and Algebraic Thinking,203,6.6,The Real and Complex Number Systems,200,6.3,Geometry,205,6.7,Statistics and Probability,191,6.8,,,
Spring 2025-2026,AISA (sample data),AISA Demo School,Rahimi,6B,D250079,Sabbagh,Lina,6,Mathematics,Math K-12,Growth: Math 6+ CCSS 2010 V2,5/13/2026,47,248,3.2,94,0,,1285Q,Operations and Algebraic Thinking,255,6.5,The Real and Complex Number Systems,248,6.9,Geometry,250,6.9,Statistics and Probability,240,6.7,,,
Spring 2025-2026,AISA (sample data),AISA Demo School,Rahimi,6B,D250075,Siddiqui,Zara,6,Mathematics,Math K-12,Growth: Math 6+ CCSS 2010 V2,5/13/2026,41,244,3.2,91,0,,1225Q,Operations and Algebraic Thinking,240,7.0,The Real and Complex Number Systems,250,6.8,Geometry,248,6.8,Statistics and Probability,236,6.9,,,
Spring 2025-2026,AISA (sample data),AISA Demo School,Rahimi,6B,D250074,Sokolov,Ilya,6,Mathematics,Math K-12,Growth: Math 6+ CCSS 2010 V2,5/13/2026,59,222,2.8,54,0,,895Q,Operations and Algebraic Thinking,222,6.5,The Real and Complex Number Systems,225,6.6,Geometry,219,6.8,Statistics and Probability,223,6.4,,,
Spring 2025-2026,AISA (sample data),AISA Demo School,Rahimi,6B,D250083,Walsh,Liam,6,Mathematics,Math K-12,Growth: Math 6+ CCSS 2010 V2,5/13/2026,44,219,2.8,48,0,,850Q,Operations and Algebraic Thinking,219,6.3,The Real and Complex Number Systems,218,6.3,Geometry,219,6.5,Statistics and Probability,217,6.7,,,
Spring 2025-2026,AISA (sample data),AISA Demo School,Rahimi,6B,D250085,Wong,Jun,6,Mathematics,Math K-12,Growth: Math 6+ CCSS 2010 V2,5/13/2026,55,205,3.3,20,0,,640Q,Operations and Algebraic Thinking,210,6.7,The Real and Complex Number Systems,208,6.6,Geometry,200,6.4,Statistics and Probability,205,6.3,,,
Spring 2025-2026,AISA (sample data),AISA Demo School,Rahimi,6B,D250078,Adeyemi,Ayo,6,Science,Science K-12,Growth: Science 6-8 for use with NGSS 2013,5/15/2026,36,225,3.2,90,2,,,Life Science,230,6.5,Earth and Space Science,221,6.7,Physical Science,223,6.0,,,,,,
Spring 2025-2026,AISA (sample data),AISA Demo School,Rahimi,6B,D250080,Aliyev,Arman,6,Science,Science K-12,Growth: Science 6-8 for use with NGSS 2013,5/15/2026,50,207,3.0,50,4,,,Life Science,213,6.2,Earth and Space Science,202,6.0,Physical Science,206,6.2,,,,,,
Spring 2025-2026,AISA (sample data),AISA Demo School,Rahimi,6B,D250070,Barakat,Hadi,6,Science,Science K-12,Growth: Science 6-8 for use with NGSS 2013,5/15/2026,37,219,3.1,80,1,,,Life Science,219,6.2,Earth and Space Science,227,6.2,Physical Science,211,6.6,,,,,,
Spring 2025-2026,AISA (sample data),AISA Demo School,Rahimi,6B,D250089,Berg,Tobias,6,Science,Science K-12,Growth: Science 6-8 for use with NGSS 2013,5/15/2026,40,186,3.3,7,1,,,Life Science,184,6.6,Earth and Space Science,182,6.3,Physical Science,191,6.1,,,,,,
Spring 2025-2026,AISA (sample data),AISA Demo School,Rahimi,6B,D250077,Costa,Isabela,6,Science,Science K-12,Growth: Science 6-8 for use with NGSS 2013,5/15/2026,40,219,2.9,80,1,,,Life Science,220,6.2,Earth and Space Science,205,6.0,Physical Science,228,6.0,,,,,,
Spring 2025-2026,AISA (sample data),AISA Demo School,Rahimi,6B,D250073,Diallo,Fatou,6,Science,Science K-12,Growth: Science 6-8 for use with NGSS 2013,5/15/2026,43,205,3.3,44,1,,,Life Science,199,6.4,Earth and Space Science,205,6.1,Physical Science,213,6.1,,,,,,
Spring 2025-2026,AISA (sample data),AISA Demo School,Rahimi,6B,D250090,Haddad,Samira,6,Science,Science K-12,Growth: Science 6-8 for use with NGSS 2013,5/15/2026,52,170,3.4,1,0,,,Life Science,168,6.8,Earth and Space Science,172,6.2,Physical Science,172,6.2,,,,,,
Spring 2025-2026,AISA (sample data),AISA Demo School,Rahimi,6B,D250082,Ivanova,Anya,6,Science,Science K-12,Growth: Science 6-8 for use with NGSS 2013,5/15/2026,49,196,3.0,22,0,,,Life Science,187,6.3,Earth and Space Science,208,6.4,Physical Science,193,6.5,,,,,,
Spring 2025-2026,AISA (sample data),AISA Demo School,Rahimi,6B,D250084,Jaber,Reem,6,Science,Science K-12,Growth: Science 6-8 for use with NGSS 2013,5/15/2026,37,223,3.1,87,0,,,Life Science,223,6.5,Earth and Space Science,230,6.5,Physical Science,217,6.6,,,,,,
Spring 2025-2026,AISA (sample data),AISA Demo School,Rahimi,6B,D250081,Joshi,Saanvi,6,Science,Science K-12,Growth: Science 6-8 for use with NGSS 2013,5/15/2026,29,213,3.1,67,3,,,Life Science,206,6.0,Earth and Space Science,212,6.3,Physical Science,219,6.4,,,,,,
Spring 2025-2026,AISA (sample data),AISA Demo School,Rahimi,6B,D250076,Lee,Ji-ho,6,Science,Science K-12,Growth: Science 6-8 for use with NGSS 2013,5/15/2026,31,215,3.1,72,0,,,Life Science,214,6.5,Earth and Space Science,212,6.6,Physical Science,214,6.1,,,,,,
Spring 2025-2026,AISA (sample data),AISA Demo School,Rahimi,6B,D250086,Okoro,Grace,6,Science,Science K-12,Growth: Science 6-8 for use with NGSS 2013,5/15/2026,58,211,2.8,61,0,,,Life Science,201,6.2,Earth and Space Science,209,6.3,Physical Science,221,6.5,,,,,,
Spring 2025-2026,AISA (sample data),AISA Demo School,Rahimi,6B,D250087,Othman,Faisal,6,Science,Science K-12,Growth: Science 6-8 for use with NGSS 2013,5/15/2026,50,211,3.3,61,4,,,Life Science,202,6.4,Earth and Space Science,210,6.4,Physical Science,220,6.3,,,,,,
Spring 2025-2026,AISA (sample data),AISA Demo School,Rahimi,6B,D250071,Pillai,Meera,6,Science,Science K-12,Growth: Science 6-8 for use with NGSS 2013,5/15/2026,37,225,3.1,90,0,,,Life Science,215,6.5,Earth and Space Science,220,6.0,Physical Science,237,6.2,,,,,,
Spring 2025-2026,AISA (sample data),AISA Demo School,Rahimi,6B,D250072,Ramírez,Mateo,6,Science,Science K-12,Growth: Science 6-8 for use with NGSS 2013,5/15/2026,54,212,2.9,64,0,,,Life Science,217,6.0,Earth and Space Science,221,6.4,Physical Science,200,6.7,,,,,,
Spring 2025-2026,AISA (sample data),AISA Demo School,Rahimi,6B,D250088,Rao,Aditi,6,Science,Science K-12,Growth: Science 6-8 for use with NGSS 2013,5/15/2026,32,190,3.1,11,4,,,Life Science,175,6.5,Earth and Space Science,194,6.6,Physical Science,196,6.4,,,,,,
Spring 2025-2026,AISA (sample data),AISA Demo School,Rahimi,6B,D250079,Sabbagh,Lina,6,Science,Science K-12,Growth: Science 6-8 for use with NGSS 2013,5/15/2026,37,205,3.0,44,0,,,Life Science,198,6.2,Earth and Space Science,213,6.3,Physical Science,205,6.2,,,,,,
Spring 2025-2026,AISA (sample data),AISA Demo School,Rahimi,6B,D250075,Siddiqui,Zara,6,Science,Science K-12,Growth: Science 6-8 for use with NGSS 2013,5/15/2026,38,239,3.2,99,0,,,Life Science,239,6.0,Earth and Space Science,243,6.4,Physical Science,235,6.6,,,,,,
Spring 2025-2026,AISA (sample data),AISA Demo School,Rahimi,6B,D250074,Sokolov,Ilya,6,Science,Science K-12,Growth: Science 6-8 for use with NGSS 2013,5/15/2026,45,215,3.1,72,3,,,Life Science,204,6.5,Earth and Space Science,224,6.6,Physical Science,216,6.1,,,,,,
Spring 2025-2026,AISA (sample data),AISA Demo School,Rahimi,6B,D250083,Walsh,Liam,6,Science,Science K-12,Growth: Science 6-8 for use with NGSS 2013,5/15/2026,16,197,4.0,24,31,,,Life Science,198,7.0,Earth and Space Science,199,6.9,Physical Science,193,6.8,,,,,,
Spring 2025-2026,AISA (sample data),AISA Demo School,Rahimi,6B,D250085,Wong,Jun,6,Science,Science K-12,Growth: Science 6-8 for use with NGSS 2013,5/15/2026,39,195,3.3,20,3,,,Life Science,195,6.3,Earth and Space Science,192,6.1,Physical Science,198,6.4,,,,,,
