TermTested,TermRostered,DistrictName,SchoolName,Teacher,ClassName,Subject,Course,ASGType,GrowthComparisonPeriod,NormsReferenceData,WIStartTerm,WIEndTerm,StudentID,StudentLastName,StudentFirstName,StudentGrade,TestDate,StartRIT,StartRITSEM,StartPercentile,StartTestDuration,EndTestDate,EndRIT,EndRITSEM,EndPercentile,EndTestDuration,ProjectedRIT,ProjectedGrowth,ObservedGrowth,ObservedGrowthSE,GrowthIndex,MetGrowthProjection?,ConditionalGrowthIndex,ConditionalGrowthPercentile,CountofStudentswithGrowthProjectionAvailableandValidBeginningandEndingTermScores,CountofStudentswhoMetorExceededtheirProjectedGrowth,PercentageofStudentswhoMetorExceededtheirProjectedRIT,PercentageofProjectedGrowthMet,MedianConditionalGrowthPercentile,StartGrowthandAchievement,EndGrowthandAchievement,ConditionalGrowthPercentileAxis,AchievementPercentileAxis
Spring 2025-2026,Spring 2025-2026,AISA (sample data),AISA Demo School,Okafor,5A,Reading,Reading,Class,Fall 2025 - Spring 2026,2025,3,32,D250020,Andersson,Nils,5,2025-09-09,223,3.1,87,59,2026-05-05,224,3.1,83,60,226,3,1,4.4,-2,No,-0.22,41,23,12,52,136,54,Average Growth / High Achievement,Average Growth / High Achievement,41,83
Spring 2025-2026,Spring 2025-2026,AISA (sample data),AISA Demo School,Okafor,5A,Reading,Reading,Class,Fall 2025 - Spring 2026,2025,3,32,D250021,Aziz,Mariam,5,2025-09-09,231,3.1,94,62,2026-05-05,220,2.8,76,54,233,2,-11,4.2,-13,No,-1.44,7,23,12,52,136,54,Low Growth / High Achievement,Low Growth / High Achievement,7,76
Spring 2025-2026,Spring 2025-2026,AISA (sample data),AISA Demo School,Okafor,5A,Reading,Reading,Class,Fall 2025 - Spring 2026,2025,3,32,D250013,Boateng,Kwame,5,2025-09-09,196,3.1,32,45,2026-05-05,200,3.0,32,35,202,6,4,4.3,-2,No,-0.22,41,23,12,52,136,54,Average Growth / Low Achievement,Average Growth / Low Achievement,41,32
Spring 2025-2026,Spring 2025-2026,AISA (sample data),AISA Demo School,Okafor,5A,Reading,Reading,Class,Fall 2025 - Spring 2026,2025,3,32,D250023,Chatterjee,Kavya,5,2025-09-09,189,3.0,19,45,2026-05-05,199,3.3,30,35,196,7,10,4.5,3,Yes,0.33,63,23,12,52,136,54,High Growth / Low Achievement,High Growth / Low Achievement,63,30
Spring 2025-2026,Spring 2025-2026,AISA (sample data),AISA Demo School,Okafor,5A,Reading,Reading,Class,Fall 2025 - Spring 2026,2025,3,32,D250014,Dubois,Chloé,5,2025-09-09,206,3.0,55,41,2026-05-05,218,3.2,72,45,211,5,12,4.4,7,Yes,0.78,78,23,12,52,136,54,High Growth / Average Achievement,High Growth / High Achievement,78,72
Spring 2025-2026,Spring 2025-2026,AISA (sample data),AISA Demo School,Okafor,5A,Reading,Reading,Class,Fall 2025 - Spring 2026,2025,3,32,D250006,Herrera,Santiago,5,2025-09-09,199,2.8,38,49,2026-05-05,208,3.2,50,45,205,6,9,4.3,3,Yes,0.33,63,23,12,52,136,54,High Growth / Low Achievement,High Growth / Average Achievement,63,50
Spring 2025-2026,Spring 2025-2026,AISA (sample data),AISA Demo School,Okafor,5A,Reading,Reading,Class,Fall 2025 - Spring 2026,2025,3,32,D250003,Iyer,Priya,5,2025-09-09,210,3.2,64,46,2026-05-05,223,3.0,81,50,214,4,13,4.4,9,Yes,1.00,84,23,12,52,136,54,High Growth / High Achievement,High Growth / High Achievement,84,81
Spring 2025-2026,Spring 2025-2026,AISA (sample data),AISA Demo School,Okafor,5A,Reading,Reading,Class,Fall 2025 - Spring 2026,2025,3,32,D250002,Khoury,Omar,5,2025-09-09,203,3.1,48,49,2026-05-05,206,3.8,45,27,208,5,3,4.9,-2,No*,-0.22,41,23,12,52,136,54,Average Growth / Average Achievement,Average Growth / Average Achievement,41,45
Spring 2025-2026,Spring 2025-2026,AISA (sample data),AISA Demo School,Okafor,5A,Reading,Reading,Class,Fall 2025 - Spring 2026,2025,3,32,D250001,Mensah,Amara,5,2025-09-09,219,2.8,81,56,2026-05-05,235,3.2,94,50,222,3,16,4.3,13,Yes,1.44,93,23,12,52,136,54,High Growth / High Achievement,High Growth / High Achievement,93,94
Spring 2025-2026,Spring 2025-2026,AISA (sample data),AISA Demo School,Okafor,5A,Reading,Reading,Class,Fall 2025 - Spring 2026,2025,3,32,D250019,Moyo,Tendai,5,2025-09-09,230,3.2,94,62,2026-05-05,244,3.2,98,75,232,2,14,4.5,12,Yes,1.33,91,23,12,52,136,54,High Growth / High Achievement,High Growth / High Achievement,91,98
Spring 2025-2026,Spring 2025-2026,AISA (sample data),AISA Demo School,Okafor,5A,Reading,Reading,Class,Fall 2025 - Spring 2026,2025,3,32,D250008,Müller,Lukas,5,2025-09-09,222,3.2,86,42,2026-05-05,226,3.1,86,47,225,3,4,4.5,1,Yes,0.11,54,23,12,52,136,54,Average Growth / High Achievement,Average Growth / High Achievement,54,86
Spring 2025-2026,Spring 2025-2026,AISA (sample data),AISA Demo School,Okafor,5A,Reading,Reading,Class,Fall 2025 - Spring 2026,2025,3,32,D250010,Nair,Arjun,5,2025-09-09,179,3.2,7,54,2026-05-05,193,3.1,19,52,187,8,14,4.5,6,Yes,0.67,75,23,12,52,136,54,High Growth / Low Achievement,High Growth / Low Achievement,75,19
Spring 2025-2026,Spring 2025-2026,AISA (sample data),AISA Demo School,Okafor,5A,Reading,Reading,Class,Fall 2025 - Spring 2026,2025,3,32,D250011,Nakamura,Yuna,5,2025-09-09,205,3.0,52,42,2026-05-05,221,3.2,78,39,210,5,16,4.4,11,Yes,1.22,89,23,12,52,136,54,High Growth / Average Achievement,High Growth / High Achievement,89,78
Spring 2025-2026,Spring 2025-2026,AISA (sample data),AISA Demo School,Okafor,5A,Reading,Reading,Class,Fall 2025 - Spring 2026,2025,3,32,D250009,Nasser,Layla,5,2025-09-09,240,3.3,98,36,2026-05-05,240,3.3,97,35,241,1,0,4.7,-1,No,-0.11,46,23,12,52,136,54,Average Growth / High Achievement,Average Growth / High Achievement,46,97
Spring 2025-2026,Spring 2025-2026,AISA (sample data),AISA Demo School,Okafor,5A,Reading,Reading,Class,Fall 2025 - Spring 2026,2025,3,32,D250007,Nkosi,Zanele,5,2025-09-09,221,3.1,84,43,2026-05-05,226,3.1,86,43,224,3,5,4.4,2,Yes,0.22,59,23,12,52,136,54,Average Growth / High Achievement,Average Growth / High Achievement,59,86
Spring 2025-2026,Spring 2025-2026,AISA (sample data),AISA Demo School,Okafor,5A,Reading,Reading,Class,Fall 2025 - Spring 2026,2025,3,32,D250022,O'Donnell,Eoin,5,2025-09-09,209,2.8,62,48,2026-05-05,216,3.1,68,46,213,4,7,4.2,3,Yes,0.33,63,23,12,52,136,54,High Growth / High Achievement,High Growth / High Achievement,63,68
Spring 2025-2026,Spring 2025-2026,AISA (sample data),AISA Demo School,Okafor,5A,Reading,Reading,Class,Fall 2025 - Spring 2026,2025,3,32,D250017,Park,Min-jun,5,2025-09-09,214,3.1,72,45,2026-05-05,216,3.1,68,37,218,4,2,4.4,-2,No,-0.22,41,23,12,52,136,54,Average Growth / High Achievement,Average Growth / High Achievement,41,68
Spring 2025-2026,Spring 2025-2026,AISA (sample data),AISA Demo School,Okafor,5A,Reading,Reading,Class,Fall 2025 - Spring 2026,2025,3,32,D250015,Qureshi,Hamza,5,2025-09-09,241,3.3,99,57,2026-05-05,238,3.1,96,49,242,1,-3,4.5,-4,No,-0.44,33,23,12,52,136,54,Low Growth / High Achievement,Low Growth / High Achievement,33,96
Spring 2025-2026,Spring 2025-2026,AISA (sample data),AISA Demo School,Okafor,5A,Reading,Reading,Class,Fall 2025 - Spring 2026,2025,3,32,D250018,Rojas,Valentina,5,2025-09-09,201,3.2,43,59,2026-05-05,214,3.0,64,53,206,5,13,4.4,8,Yes,0.89,81,23,12,52,136,54,High Growth / Average Achievement,High Growth / High Achievement,81,64
Spring 2025-2026,Spring 2025-2026,AISA (sample data),AISA Demo School,Okafor,5A,Reading,Reading,Class,Fall 2025 - Spring 2026,2025,3,32,D250005,Rossi,Elena,5,2025-09-09,213,3.1,70,47,2026-05-05,216,3.1,68,38,217,4,3,4.4,-1,No,-0.11,46,23,12,52,136,54,Average Growth / High Achievement,Average Growth / High Achievement,46,68
Spring 2025-2026,Spring 2025-2026,AISA (sample data),AISA Demo School,Okafor,5A,Reading,Reading,Class,Fall 2025 - Spring 2026,2025,3,32,D250016,Schmidt,Freya,5,2025-09-09,234,3.4,96,51,2026-05-05,228,3.2,88,44,235,1,-6,4.7,-7,No,-0.78,22,23,12,52,136,54,Low Growth / High Achievement,Low Growth / High Achievement,22,88
Spring 2025-2026,Spring 2025-2026,AISA (sample data),AISA Demo School,Okafor,5A,Reading,Reading,Class,Fall 2025 - Spring 2026,2025,3,32,D250004,Tanaka,Haruto,5,2025-09-09,231,3.3,94,47,2026-05-05,226,3.2,86,46,233,2,-5,4.6,-7,No,-0.78,22,23,12,52,136,54,Low Growth / High Achievement,Low Growth / High Achievement,22,86
Spring 2025-2026,Spring 2025-2026,AISA (sample data),AISA Demo School,Okafor,5A,Reading,Reading,Class,Fall 2025 - Spring 2026,2025,3,32,D250012,Yılmaz,Aylin,5,2025-09-09,243,3.2,99,49,2026-05-05,238,3.4,96,52,244,1,-5,4.7,-6,No,-0.67,25,23,12,52,136,54,Low Growth / High Achievement,Low Growth / High Achievement,25,96
Spring 2025-2026,Spring 2025-2026,AISA (sample data),AISA Demo School,Okafor,5A,Language Arts,Language Usage,Class,Fall 2025 - Spring 2026,2025,3,32,D250020,Andersson,Nils,5,2025-09-11,216,3.1,81,61,2026-05-07,208,3.2,52,51,219,3,-8,4.5,-11,No,-1.37,9,23,13,57,141,55,Low Growth / High Achievement,Low Growth / Average Achievement,9,52
Spring 2025-2026,Spring 2025-2026,AISA (sample data),AISA Demo School,Okafor,5A,Language Arts,Language Usage,Class,Fall 2025 - Spring 2026,2025,3,32,D250021,Aziz,Mariam,5,2025-09-11,230,3.2,96,44,2026-05-07,233,3.2,95,47,232,2,3,4.5,1,Yes,0.13,55,23,13,57,141,55,Average Growth / High Achievement,Average Growth / High Achievement,55,95
Spring 2025-2026,Spring 2025-2026,AISA (sample data),AISA Demo School,Okafor,5A,Language Arts,Language Usage,Class,Fall 2025 - Spring 2026,2025,3,32,D250013,Boateng,Kwame,5,2025-09-11,182,3.2,11,34,2026-05-07,203,2.9,40,35,189,7,21,4.3,14,Yes,1.75,96,23,13,57,141,55,High Growth / Low Achievement,High Growth / Low Achievement,96,40
Spring 2025-2026,Spring 2025-2026,AISA (sample data),AISA Demo School,Okafor,5A,Language Arts,Language Usage,Class,Fall 2025 - Spring 2026,2025,3,32,D250023,Chatterjee,Kavya,5,2025-09-11,180,3.1,8,38,2026-05-07,205,3.2,45,32,188,8,25,4.5,17,Yes,2.13,98,23,13,57,141,55,High Growth / Low Achievement,High Growth / Average Achievement,98,45
Spring 2025-2026,Spring 2025-2026,AISA (sample data),AISA Demo School,Okafor,5A,Language Arts,Language Usage,Class,Fall 2025 - Spring 2026,2025,3,32,D250014,Dubois,Chloé,5,2025-09-11,204,2.9,55,41,2026-05-07,210,3.1,57,38,209,5,6,4.2,1,Yes,0.13,55,23,13,57,141,55,Average Growth / Average Achievement,Average Growth / Average Achievement,55,57
Spring 2025-2026,Spring 2025-2026,AISA (sample data),AISA Demo School,Okafor,5A,Language Arts,Language Usage,Class,Fall 2025 - Spring 2026,2025,3,32,D250006,Herrera,Santiago,5,2025-09-11,195,3.1,33,40,2026-05-07,199,3.0,31,37,201,6,4,4.3,-2,No,-0.25,40,23,13,57,141,55,Low Growth / Low Achievement,Low Growth / Low Achievement,40,31
Spring 2025-2026,Spring 2025-2026,AISA (sample data),AISA Demo School,Okafor,5A,Language Arts,Language Usage,Class,Fall 2025 - Spring 2026,2025,3,32,D250003,Iyer,Priya,5,2025-09-11,196,3.0,35,46,2026-05-07,204,2.9,43,35,202,6,8,4.2,2,Yes,0.25,60,23,13,57,141,55,Average Growth / Low Achievement,Average Growth / Average Achievement,60,43
Spring 2025-2026,Spring 2025-2026,AISA (sample data),AISA Demo School,Okafor,5A,Language Arts,Language Usage,Class,Fall 2025 - Spring 2026,2025,3,32,D250002,Khoury,Omar,5,2025-09-11,213,3.1,75,43,2026-05-07,214,3.0,67,38,217,4,1,4.3,-3,No,-0.37,36,23,13,57,141,55,Low Growth / High Achievement,Low Growth / High Achievement,36,67
Spring 2025-2026,Spring 2025-2026,AISA (sample data),AISA Demo School,Okafor,5A,Language Arts,Language Usage,Class,Fall 2025 - Spring 2026,2025,3,32,D250001,Mensah,Amara,5,2025-09-11,222,3.4,89,46,2026-05-07,232,3.2,94,51,225,3,10,4.7,7,Yes,0.88,81,23,13,57,141,55,High Growth / High Achievement,High Growth / High Achievement,81,94
Spring 2025-2026,Spring 2025-2026,AISA (sample data),AISA Demo School,Okafor,5A,Language Arts,Language Usage,Class,Fall 2025 - Spring 2026,2025,3,32,D250019,Moyo,Tendai,5,2025-09-11,218,3.0,84,59,2026-05-07,219,3.3,77,58,221,3,1,4.5,-2,No,-0.25,40,23,13,57,141,55,Low Growth / High Achievement,Low Growth / High Achievement,40,77
Spring 2025-2026,Spring 2025-2026,AISA (sample data),AISA Demo School,Okafor,5A,Language Arts,Language Usage,Class,Fall 2025 - Spring 2026,2025,3,32,D250008,Müller,Lukas,5,2025-09-11,213,3.1,75,40,2026-05-07,228,3.1,91,38,217,4,15,4.4,11,Yes,1.38,92,23,13,57,141,55,High Growth / High Achievement,High Growth / High Achievement,92,91
Spring 2025-2026,Spring 2025-2026,AISA (sample data),AISA Demo School,Okafor,5A,Language Arts,Language Usage,Class,Fall 2025 - Spring 2026,2025,3,32,D250010,Nair,Arjun,5,2025-09-11,159,3.4,1,48,2026-05-07,173,3.2,2,49,169,10,14,4.7,4,Yes,0.50,69,23,13,57,141,55,High Growth / Low Achievement,High Growth / Low Achievement,69,2
Spring 2025-2026,Spring 2025-2026,AISA (sample data),AISA Demo School,Okafor,5A,Language Arts,Language Usage,Class,Fall 2025 - Spring 2026,2025,3,32,D250011,Nakamura,Yuna,5,2025-09-11,182,3.2,11,35,2026-05-07,183,3.0,7,36,189,7,1,4.4,-6,No,-0.75,23,23,13,57,141,55,Low Growth / Low Achievement,Low Growth / Low Achievement,23,7
Spring 2025-2026,Spring 2025-2026,AISA (sample data),AISA Demo School,Okafor,5A,Language Arts,Language Usage,Class,Fall 2025 - Spring 2026,2025,3,32,D250009,Nasser,Layla,5,2025-09-11,223,3.1,91,33,2026-05-07,230,3.3,92,31,225,2,7,4.5,5,Yes,0.63,74,23,13,57,141,55,High Growth / High Achievement,High Growth / High Achievement,74,92
Spring 2025-2026,Spring 2025-2026,AISA (sample data),AISA Demo School,Okafor,5A,Language Arts,Language Usage,Class,Fall 2025 - Spring 2026,2025,3,32,D250007,Nkosi,Zanele,5,2025-09-11,222,3.2,89,42,2026-05-07,231,3.2,93,37,225,3,9,4.5,6,Yes,0.75,77,23,13,57,141,55,High Growth / High Achievement,High Growth / High Achievement,77,93
Spring 2025-2026,Spring 2025-2026,AISA (sample data),AISA Demo School,Okafor,5A,Language Arts,Language Usage,Class,Fall 2025 - Spring 2026,2025,3,32,D250022,O'Donnell,Eoin,5,2025-09-11,191,2.9,25,48,2026-05-07,193,3.0,19,39,197,6,2,4.2,-4,No,-0.50,31,23,13,57,141,55,Low Growth / Low Achievement,Low Growth / Low Achievement,31,19
Spring 2025-2026,Spring 2025-2026,AISA (sample data),AISA Demo School,Okafor,5A,Language Arts,Language Usage,Class,Fall 2025 - Spring 2026,2025,3,32,D250017,Park,Min-jun,5,2025-09-11,226,3.2,93,37,2026-05-07,233,3.2,95,36,228,2,7,4.5,5,Yes,0.63,74,23,13,57,141,55,High Growth / High Achievement,High Growth / High Achievement,74,95
Spring 2025-2026,Spring 2025-2026,AISA (sample data),AISA Demo School,Okafor,5A,Language Arts,Language Usage,Class,Fall 2025 - Spring 2026,2025,3,32,D250015,Qureshi,Hamza,5,2025-09-11,217,3.2,83,48,2026-05-07,215,3.0,69,40,220,3,-2,4.4,-5,No,-0.62,27,23,13,57,141,55,Low Growth / High Achievement,Low Growth / High Achievement,27,69
Spring 2025-2026,Spring 2025-2026,AISA (sample data),AISA Demo School,Okafor,5A,Language Arts,Language Usage,Class,Fall 2025 - Spring 2026,2025,3,32,D250018,Rojas,Valentina,5,2025-09-11,185,3.0,14,55,2026-05-07,195,3.0,23,50,192,7,10,4.2,3,Yes,0.38,65,23,13,57,141,55,High Growth / Low Achievement,High Growth / Low Achievement,65,23
Spring 2025-2026,Spring 2025-2026,AISA (sample data),AISA Demo School,Okafor,5A,Language Arts,Language Usage,Class,Fall 2025 - Spring 2026,2025,3,32,D250005,Rossi,Elena,5,2025-09-11,210,3.2,69,40,2026-05-07,209,2.9,55,40,214,4,-1,4.3,-5,No,-0.62,27,23,13,57,141,55,Low Growth / High Achievement,Low Growth / Average Achievement,27,55
Spring 2025-2026,Spring 2025-2026,AISA (sample data),AISA Demo School,Okafor,5A,Language Arts,Language Usage,Class,Fall 2025 - Spring 2026,2025,3,32,D250016,Schmidt,Freya,5,2025-09-11,219,3.1,86,46,2026-05-07,214,3.1,67,19,222,3,-5,4.4,-8,No*,-1.00,16,23,13,57,141,55,Low Growth / High Achievement,Low Growth / High Achievement,16,67
Spring 2025-2026,Spring 2025-2026,AISA (sample data),AISA Demo School,Okafor,5A,Language Arts,Language Usage,Class,Fall 2025 - Spring 2026,2025,3,32,D250004,Tanaka,Haruto,5,2025-09-11,206,3.1,60,44,2026-05-07,229,3.1,92,40,211,5,23,4.4,18,Yes,2.25,99,23,13,57,141,55,High Growth / Average Achievement,High Growth / High Achievement,99,92
Spring 2025-2026,Spring 2025-2026,AISA (sample data),AISA Demo School,Okafor,5A,Language Arts,Language Usage,Class,Fall 2025 - Spring 2026,2025,3,32,D250012,Yılmaz,Aylin,5,2025-09-11,243,3.3,99,50,2026-05-07,239,3.0,98,44,244,1,-4,4.5,-5,No,-0.62,27,23,13,57,141,55,Low Growth / High Achievement,Low Growth / High Achievement,27,98
Spring 2025-2026,Spring 2025-2026,AISA (sample data),AISA Demo School,Okafor,5A,Mathematics,Math K-12,Class,Fall 2025 - Spring 2026,2025,3,32,D250020,Andersson,Nils,5,2025-09-16,234,3.3,96,63,2026-05-12,245,3.1,95,63,244,10,11,4.5,1,Yes,0.13,55,23,13,57,109,55,Average Growth / High Achievement,Average Growth / High Achievement,55,95
Spring 2025-2026,Spring 2025-2026,AISA (sample data),AISA Demo School,Okafor,5A,Mathematics,Math K-12,Class,Fall 2025 - Spring 2026,2025,3,32,D250021,Aziz,Mariam,5,2025-09-16,217,3.1,75,63,2026-05-12,214,3.1,46,55,227,10,-3,4.4,-13,No,-1.62,5,23,13,57,109,55,Low Growth / High Achievement,Low Growth / Average Achievement,5,46
Spring 2025-2026,Spring 2025-2026,AISA (sample data),AISA Demo School,Okafor,5A,Mathematics,Math K-12,Class,Fall 2025 - Spring 2026,2025,3,32,D250013,Boateng,Kwame,5,2025-09-16,192,3.0,19,46,2026-05-12,201,3.0,20,46,202,10,9,4.2,-1,No,-0.12,45,23,13,57,109,55,Average Growth / Low Achievement,Average Growth / Low Achievement,45,20
Spring 2025-2026,Spring 2025-2026,AISA (sample data),AISA Demo School,Okafor,5A,Mathematics,Math K-12,Class,Fall 2025 - Spring 2026,2025,3,32,D250023,Chatterjee,Kavya,5,2025-09-16,191,3.1,17,43,2026-05-12,205,3.0,27,49,201,10,14,4.3,4,Yes,0.50,69,23,13,57,109,55,High Growth / Low Achievement,High Growth / Low Achievement,69,27
Spring 2025-2026,Spring 2025-2026,AISA (sample data),AISA Demo School,Okafor,5A,Mathematics,Math K-12,Class,Fall 2025 - Spring 2026,2025,3,32,D250014,Dubois,Chloé,5,2025-09-16,208,3.2,55,49,2026-05-12,202,3.2,22,41,218,10,-6,4.5,-16,No,-2.00,2,23,13,57,109,55,Low Growth / Average Achievement,Low Growth / Low Achievement,2,22
Spring 2025-2026,Spring 2025-2026,AISA (sample data),AISA Demo School,Okafor,5A,Mathematics,Math K-12,Class,Fall 2025 - Spring 2026,2025,3,32,D250006,Herrera,Santiago,5,2025-09-16,214,2.9,69,46,2026-05-12,232,3.0,81,51,224,10,18,4.2,8,Yes,1.00,84,23,13,57,109,55,High Growth / High Achievement,High Growth / High Achievement,84,81
Spring 2025-2026,Spring 2025-2026,AISA (sample data),AISA Demo School,Okafor,5A,Mathematics,Math K-12,Class,Fall 2025 - Spring 2026,2025,3,32,D250003,Iyer,Priya,5,2025-09-16,206,3.1,50,52,2026-05-12,239,3.0,90,54,216,10,33,4.3,23,Yes,2.88,99,23,13,57,109,55,High Growth / Average Achievement,High Growth / High Achievement,99,90
Spring 2025-2026,Spring 2025-2026,AISA (sample data),AISA Demo School,Okafor,5A,Mathematics,Math K-12,Class,Fall 2025 - Spring 2026,2025,3,32,D250002,Khoury,Omar,5,2025-09-16,213,3.0,67,46,2026-05-12,231,3.2,80,52,223,10,18,4.4,8,Yes,1.00,84,23,13,57,109,55,High Growth / High Achievement,High Growth / High Achievement,84,80
Spring 2025-2026,Spring 2025-2026,AISA (sample data),AISA Demo School,Okafor,5A,Mathematics,Math K-12,Class,Fall 2025 - Spring 2026,2025,3,32,D250001,Mensah,Amara,5,2025-09-16,239,3.4,98,67,2026-05-12,254,3.2,98,64,249,10,15,4.7,5,Yes,0.63,74,23,13,57,109,55,High Growth / High Achievement,High Growth / High Achievement,74,98
Spring 2025-2026,Spring 2025-2026,AISA (sample data),AISA Demo School,Okafor,5A,Mathematics,Math K-12,Class,Fall 2025 - Spring 2026,2025,3,32,D250019,Moyo,Tendai,5,2025-09-16,223,3.1,86,71,2026-05-12,237,3.2,88,71,233,10,14,4.5,4,Yes,0.50,69,23,13,57,109,55,High Growth / High Achievement,High Growth / High Achievement,69,88
Spring 2025-2026,Spring 2025-2026,AISA (sample data),AISA Demo School,Okafor,5A,Mathematics,Math K-12,Class,Fall 2025 - Spring 2026,2025,3,32,D250008,Müller,Lukas,5,2025-09-16,227,3.2,91,52,2026-05-12,233,3.1,83,48,237,10,6,4.5,-4,No,-0.50,31,23,13,57,109,55,Low Growth / High Achievement,Low Growth / High Achievement,31,83
Spring 2025-2026,Spring 2025-2026,AISA (sample data),AISA Demo School,Okafor,5A,Mathematics,Math K-12,Class,Fall 2025 - Spring 2026,2025,3,32,D250010,Nair,Arjun,5,2025-09-16,200,3.0,35,59,2026-05-12,206,3.0,29,58,210,10,6,4.2,-4,No,-0.50,31,23,13,57,109,55,Low Growth / Low Achievement,Low Growth / Low Achievement,31,29
Spring 2025-2026,Spring 2025-2026,AISA (sample data),AISA Demo School,Okafor,5A,Mathematics,Math K-12,Class,Fall 2025 - Spring 2026,2025,3,32,D250011,Nakamura,Yuna,5,2025-09-16,196,3.0,27,50,2026-05-12,210,3.0,37,41,206,10,14,4.2,4,Yes,0.50,69,23,13,57,109,55,High Growth / Low Achievement,High Growth / Low Achievement,69,37
Spring 2025-2026,Spring 2025-2026,AISA (sample data),AISA Demo School,Okafor,5A,Mathematics,Math K-12,Class,Fall 2025 - Spring 2026,2025,3,32,D250009,Nasser,Layla,5,2025-09-16,221,3.0,83,39,2026-05-12,233,3.0,83,40,231,10,12,4.2,2,Yes,0.25,60,23,13,57,109,55,Average Growth / High Achievement,Average Growth / High Achievement,60,83
Spring 2025-2026,Spring 2025-2026,AISA (sample data),AISA Demo School,Okafor,5A,Mathematics,Math K-12,Class,Fall 2025 - Spring 2026,2025,3,32,D250007,Nkosi,Zanele,5,2025-09-16,221,3.1,83,44,2026-05-12,235,3.0,85,43,231,10,14,4.3,4,Yes,0.50,69,23,13,57,109,55,High Growth / High Achievement,High Growth / High Achievement,69,85
Spring 2025-2026,Spring 2025-2026,AISA (sample data),AISA Demo School,Okafor,5A,Mathematics,Math K-12,Class,Fall 2025 - Spring 2026,2025,3,32,D250022,O'Donnell,Eoin,5,2025-09-16,205,3.0,48,54,2026-05-12,216,3.0,50,51,215,10,11,4.2,1,Yes,0.13,55,23,13,57,109,55,Average Growth / Average Achievement,Average Growth / Average Achievement,55,50
Spring 2025-2026,Spring 2025-2026,AISA (sample data),AISA Demo School,Okafor,5A,Mathematics,Math K-12,Class,Fall 2025 - Spring 2026,2025,3,32,D250017,Park,Min-jun,5,2025-09-16,199,3.2,33,47,2026-05-12,200,3.0,19,46,209,10,1,4.4,-9,No,-1.12,13,23,13,57,109,55,Low Growth / Low Achievement,Low Growth / Low Achievement,13,19
Spring 2025-2026,Spring 2025-2026,AISA (sample data),AISA Demo School,Okafor,5A,Mathematics,Math K-12,Class,Fall 2025 - Spring 2026,2025,3,32,D250015,Qureshi,Hamza,5,2025-09-16,216,3.0,73,61,2026-05-12,230,3.1,78,51,226,10,14,4.3,4,Yes,0.50,69,23,13,57,109,55,High Growth / High Achievement,High Growth / High Achievement,69,78
Spring 2025-2026,Spring 2025-2026,AISA (sample data),AISA Demo School,Okafor,5A,Mathematics,Math K-12,Class,Fall 2025 - Spring 2026,2025,3,32,D250018,Rojas,Valentina,5,2025-09-16,200,3.0,35,66,2026-05-12,223,3.1,65,66,210,10,23,4.3,13,Yes,1.63,95,23,13,57,109,55,High Growth / Low Achievement,High Growth / High Achievement,95,65
Spring 2025-2026,Spring 2025-2026,AISA (sample data),AISA Demo School,Okafor,5A,Mathematics,Math K-12,Class,Fall 2025 - Spring 2026,2025,3,32,D250005,Rossi,Elena,5,2025-09-16,211,3.0,62,49,2026-05-12,217,3.0,52,45,221,10,6,4.2,-4,No,-0.50,31,23,13,57,109,55,Low Growth / High Achievement,Low Growth / Average Achievement,31,52
Spring 2025-2026,Spring 2025-2026,AISA (sample data),AISA Demo School,Okafor,5A,Mathematics,Math K-12,Class,Fall 2025 - Spring 2026,2025,3,32,D250016,Schmidt,Freya,5,2025-09-16,215,3.2,71,59,2026-05-12,222,3.1,63,62,225,10,7,4.5,-3,No,-0.37,36,23,13,57,109,55,Low Growth / High Achievement,Low Growth / High Achievement,36,63
Spring 2025-2026,Spring 2025-2026,AISA (sample data),AISA Demo School,Okafor,5A,Mathematics,Math K-12,Class,Fall 2025 - Spring 2026,2025,3,32,D250004,Tanaka,Haruto,5,2025-09-16,235,3.3,97,49,2026-05-12,243,3.1,93,50,245,10,8,4.5,-2,No,-0.25,40,23,13,57,109,55,Low Growth / High Achievement,Low Growth / High Achievement,40,93
Spring 2025-2026,Spring 2025-2026,AISA (sample data),AISA Demo School,Okafor,5A,Mathematics,Math K-12,Class,Fall 2025 - Spring 2026,2025,3,32,D250012,Yılmaz,Aylin,5,2025-09-16,243,3.2,99,56,2026-05-12,248,3.1,96,52,253,10,5,4.5,-5,No,-0.62,27,23,13,57,109,55,Low Growth / High Achievement,Low Growth / High Achievement,27,96
Spring 2025-2026,Spring 2025-2026,AISA (sample data),AISA Demo School,Okafor,5A,Science,Science K-12,Class,Fall 2025 - Spring 2026,2025,3,32,D250020,Andersson,Nils,5,2025-09-18,235,3.1,99,50,2026-05-14,233,3.0,97,54,239,4,-2,4.3,-6,No,-0.86,19,22,12,55,124,53,Low Growth / High Achievement,Low Growth / High Achievement,19,97
Spring 2025-2026,Spring 2025-2026,AISA (sample data),AISA Demo School,Okafor,5A,Science,Science K-12,Class,Fall 2025 - Spring 2026,2025,3,32,D250021,Aziz,Mariam,5,2025-09-18,228,3.1,98,46,2026-05-14,238,3.2,99,39,233,5,10,4.5,5,Yes,0.71,76,22,12,55,124,53,High Growth / High Achievement,High Growth / High Achievement,76,99
Spring 2025-2026,Spring 2025-2026,AISA (sample data),AISA Demo School,Okafor,5A,Science,Science K-12,Class,Fall 2025 - Spring 2026,2025,3,32,D250013,Boateng,Kwame,5,2025-09-18,184,3.1,10,38,2026-05-14,190,3.4,11,37,191,7,6,4.6,-1,No,-0.14,44,22,12,55,124,53,Average Growth / Low Achievement,Average Growth / Low Achievement,44,11
Spring 2025-2026,Spring 2025-2026,AISA (sample data),AISA Demo School,Okafor,5A,Science,Science K-12,Class,Fall 2025 - Spring 2026,2025,3,32,D250023,Chatterjee,Kavya,5,2025-09-18,192,3.0,24,36,2026-05-14,211,3.1,61,33,198,6,19,4.3,13,Yes,1.86,97,22,12,55,124,53,High Growth / Low Achievement,High Growth / High Achievement,97,61
Spring 2025-2026,Spring 2025-2026,AISA (sample data),AISA Demo School,Okafor,5A,Science,Science K-12,Class,Fall 2025 - Spring 2026,2025,3,32,D250014,Dubois,Chloé,5,2025-09-18,197,3.0,38,39,2026-05-14,203,3.2,39,32,203,6,6,4.4,0,Yes,0.00,50,22,12,55,124,53,Average Growth / Low Achievement,Average Growth / Low Achievement,50,39
Spring 2025-2026,Spring 2025-2026,AISA (sample data),AISA Demo School,Okafor,5A,Science,Science K-12,Class,Fall 2025 - Spring 2026,2025,3,32,D250006,Herrera,Santiago,5,2025-09-18,199,2.9,44,41,2026-05-14,216,3.0,74,38,205,6,17,4.2,11,Yes,1.57,94,22,12,55,124,53,High Growth / Average Achievement,High Growth / High Achievement,94,74
Spring 2025-2026,Spring 2025-2026,AISA (sample data),AISA Demo School,Okafor,5A,Science,Science K-12,Class,Fall 2025 - Spring 2026,2025,3,32,D250003,Iyer,Priya,5,2025-09-18,211,3.2,78,34,2026-05-14,212,3.1,64,39,216,5,1,4.5,-4,No,-0.57,28,22,12,55,124,53,Low Growth / High Achievement,Low Growth / High Achievement,28,64
Spring 2025-2026,Spring 2025-2026,AISA (sample data),AISA Demo School,Okafor,5A,Science,Science K-12,Class,Fall 2025 - Spring 2026,2025,3,32,D250002,Khoury,Omar,5,2025-09-18,208,3.3,70,40,2026-05-14,217,2.8,76,36,214,6,9,4.3,3,Yes,0.43,67,22,12,55,124,53,High Growth / High Achievement,High Growth / High Achievement,67,76
Spring 2025-2026,Spring 2025-2026,AISA (sample data),AISA Demo School,Okafor,5A,Science,Science K-12,Class,Fall 2025 - Spring 2026,2025,3,32,D250001,Mensah,Amara,5,2025-09-18,231,3.4,99,49,2026-05-14,233,3.4,97,43,235,4,2,4.8,-2,No,-0.29,39,22,12,55,124,53,Low Growth / High Achievement,Low Growth / High Achievement,39,97
Spring 2025-2026,Spring 2025-2026,AISA (sample data),AISA Demo School,Okafor,5A,Science,Science K-12,Class,Fall 2025 - Spring 2026,2025,3,32,D250019,Moyo,Tendai,5,2025-09-18,206,3.0,65,57,,,,,,212,6,,,,,,,22,12,55,124,53,,,,
Spring 2025-2026,Spring 2025-2026,AISA (sample data),AISA Demo School,Okafor,5A,Science,Science K-12,Class,Fall 2025 - Spring 2026,2025,3,32,D250008,Müller,Lukas,5,2025-09-18,214,3.1,84,35,2026-05-14,224,3.2,89,32,219,5,10,4.5,5,Yes,0.71,76,22,12,55,124,53,High Growth / High Achievement,High Growth / High Achievement,76,89
Spring 2025-2026,Spring 2025-2026,AISA (sample data),AISA Demo School,Okafor,5A,Science,Science K-12,Class,Fall 2025 - Spring 2026,2025,3,32,D250010,Nair,Arjun,5,2025-09-18,182,3.1,7,43,2026-05-14,185,3.2,6,41,189,7,3,4.5,-4,No,-0.57,28,22,12,55,124,53,Low Growth / Low Achievement,Low Growth / Low Achievement,28,6
Spring 2025-2026,Spring 2025-2026,AISA (sample data),AISA Demo School,Okafor,5A,Science,Science K-12,Class,Fall 2025 - Spring 2026,2025,3,32,D250011,Nakamura,Yuna,5,2025-09-18,181,3.1,6,34,2026-05-14,195,3.0,20,36,188,7,14,4.3,7,Yes,1.00,84,22,12,55,124,53,High Growth / Low Achievement,High Growth / Low Achievement,84,20
Spring 2025-2026,Spring 2025-2026,AISA (sample data),AISA Demo School,Okafor,5A,Science,Science K-12,Class,Fall 2025 - Spring 2026,2025,3,32,D250009,Nasser,Layla,5,2025-09-18,220,3.0,93,30,2026-05-14,228,3.2,93,28,225,5,8,4.4,3,Yes,0.43,67,22,12,55,124,53,High Growth / High Achievement,High Growth / High Achievement,67,93
Spring 2025-2026,Spring 2025-2026,AISA (sample data),AISA Demo School,Okafor,5A,Science,Science K-12,Class,Fall 2025 - Spring 2026,2025,3,32,D250007,Nkosi,Zanele,5,2025-09-18,215,3.1,86,39,2026-05-14,221,3.1,84,37,220,5,6,4.4,1,Yes,0.14,56,22,12,55,124,53,Average Growth / High Achievement,Average Growth / High Achievement,56,84
Spring 2025-2026,Spring 2025-2026,AISA (sample data),AISA Demo School,Okafor,5A,Science,Science K-12,Class,Fall 2025 - Spring 2026,2025,3,32,D250022,O'Donnell,Eoin,5,2025-09-18,192,3.1,24,40,2026-05-14,196,3.1,22,39,198,6,4,4.4,-2,No,-0.29,39,22,12,55,124,53,Low Growth / Low Achievement,Low Growth / Low Achievement,39,22
Spring 2025-2026,Spring 2025-2026,AISA (sample data),AISA Demo School,Okafor,5A,Science,Science K-12,Class,Fall 2025 - Spring 2026,2025,3,32,D250017,Park,Min-jun,5,2025-09-18,203,3.1,56,34,2026-05-14,212,3.2,64,38,209,6,9,4.5,3,Yes,0.43,67,22,12,55,124,53,High Growth / Average Achievement,High Growth / High Achievement,67,64
Spring 2025-2026,Spring 2025-2026,AISA (sample data),AISA Demo School,Okafor,5A,Science,Science K-12,Class,Fall 2025 - Spring 2026,2025,3,32,D250015,Qureshi,Hamza,5,2025-09-18,220,3.0,93,39,2026-05-14,222,3.2,86,39,225,5,2,4.4,-3,No,-0.43,33,22,12,55,124,53,Low Growth / High Achievement,Low Growth / High Achievement,33,86
Spring 2025-2026,Spring 2025-2026,AISA (sample data),AISA Demo School,Okafor,5A,Science,Science K-12,Class,Fall 2025 - Spring 2026,2025,3,32,D250018,Rojas,Valentina,5,2025-09-18,203,2.9,56,47,2026-05-14,214,3.0,69,45,209,6,11,4.2,5,Yes,0.71,76,22,12,55,124,53,High Growth / Average Achievement,High Growth / High Achievement,76,69
Spring 2025-2026,Spring 2025-2026,AISA (sample data),AISA Demo School,Okafor,5A,Science,Science K-12,Class,Fall 2025 - Spring 2026,2025,3,32,D250005,Rossi,Elena,5,2025-09-18,204,3.0,59,40,2026-05-14,219,3.0,80,29,210,6,15,4.2,9,Yes,1.29,90,22,12,55,124,53,High Growth / Average Achievement,High Growth / High Achievement,90,80
Spring 2025-2026,Spring 2025-2026,AISA (sample data),AISA Demo School,Okafor,5A,Science,Science K-12,Class,Fall 2025 - Spring 2026,2025,3,32,D250016,Schmidt,Freya,5,2025-09-18,220,3.2,93,40,2026-05-14,219,3.3,80,37,225,5,-1,4.6,-6,No,-0.86,19,22,12,55,124,53,Low Growth / High Achievement,Low Growth / High Achievement,19,80
Spring 2025-2026,Spring 2025-2026,AISA (sample data),AISA Demo School,Okafor,5A,Science,Science K-12,Class,Fall 2025 - Spring 2026,2025,3,32,D250004,Tanaka,Haruto,5,2025-09-18,208,3.0,70,37,2026-05-14,208,2.9,53,40,214,6,0,4.2,-6,No,-0.86,19,22,12,55,124,53,Low Growth / High Achievement,Low Growth / Average Achievement,19,53
Spring 2025-2026,Spring 2025-2026,AISA (sample data),AISA Demo School,Okafor,5A,Science,Science K-12,Class,Fall 2025 - Spring 2026,2025,3,32,D250012,Yılmaz,Aylin,5,2025-09-18,221,3.2,94,44,2026-05-14,225,3.1,90,44,226,5,4,4.5,-1,No,-0.14,44,22,12,55,124,53,Average Growth / High Achievement,Average Growth / High Achievement,44,90
Spring 2025-2026,Spring 2025-2026,AISA (sample data),AISA Demo School,Lindqvist,5B,Reading,Reading,Class,Fall 2025 - Spring 2026,2025,3,32,D250041,Asante,Kofi,5,2025-09-09,240,3.1,98,45,2026-05-05,235,3.2,94,45,241,1,-5,4.5,-6,No,-0.67,25,21,12,57,132,59,Low Growth / High Achievement,Low Growth / High Achievement,25,94
Spring 2025-2026,Spring 2025-2026,AISA (sample data),AISA Demo School,Lindqvist,5B,Reading,Reading,Class,Fall 2025 - Spring 2026,2025,3,32,D250045,Bennett,Oliver,5,2025-09-09,212,3.0,68,53,2026-05-05,221,3.0,78,56,216,4,9,4.2,5,Yes,0.56,71,21,12,57,132,59,High Growth / High Achievement,High Growth / High Achievement,71,78
Spring 2025-2026,Spring 2025-2026,AISA (sample data),AISA Demo School,Lindqvist,5B,Reading,Reading,Class,Fall 2025 - Spring 2026,2025,3,32,D250026,Bianchi,Matteo,5,2025-09-09,243,3.3,99,53,2026-05-05,225,3.3,84,58,244,1,-18,4.7,-19,No,-2.11,2,21,12,57,132,59,Low Growth / High Achievement,Low Growth / High Achievement,2,84
Spring 2025-2026,Spring 2025-2026,AISA (sample data),AISA Demo School,Lindqvist,5B,Reading,Reading,Class,Fall 2025 - Spring 2026,2025,3,32,D250040,Campbell,Isla,5,2025-09-25,198,3.0,36,60,2026-05-05,214,2.9,64,55,204,6,16,4.2,10,Yes,1.11,87,21,12,57,132,59,High Growth / Low Achievement,High Growth / High Achievement,87,64
Spring 2025-2026,Spring 2025-2026,AISA (sample data),AISA Demo School,Lindqvist,5B,Reading,Reading,Class,Fall 2025 - Spring 2026,2025,3,32,D250029,Castillo,Camila,5,2025-09-09,193,3.1,26,60,2026-05-05,208,3.0,50,45,199,6,15,4.3,9,Yes,1.00,84,21,12,57,132,59,High Growth / Low Achievement,High Growth / Average Achievement,84,50
Spring 2025-2026,Spring 2025-2026,AISA (sample data),AISA Demo School,Lindqvist,5B,Reading,Reading,Class,Fall 2025 - Spring 2026,2025,3,32,D250042,Darwish,Salma,5,2025-09-09,200,2.9,41,65,2026-05-19,210,3.1,55,75,205,5,10,4.2,5,Yes,0.56,71,21,12,57,132,59,High Growth / Average Achievement,High Growth / Average Achievement,71,55
Spring 2025-2026,Spring 2025-2026,AISA (sample data),AISA Demo School,Lindqvist,5B,Reading,Reading,Class,Fall 2025 - Spring 2026,2025,3,32,D250039,Demir,Emir,5,2025-09-09,193,3.2,26,46,,,,,,199,6,,,,,,,21,12,57,132,59,,,,
Spring 2025-2026,Spring 2025-2026,AISA (sample data),AISA Demo School,Lindqvist,5B,Reading,Reading,Class,Fall 2025 - Spring 2026,2025,3,32,D250034,Dlamini,Thandiwe,5,2025-09-09,184,3.0,12,37,2026-05-05,204,3.2,41,37,191,7,20,4.4,13,Yes,1.44,93,21,12,57,132,59,High Growth / Low Achievement,High Growth / Average Achievement,93,41
Spring 2025-2026,Spring 2025-2026,AISA (sample data),AISA Demo School,Lindqvist,5B,Reading,Reading,Class,Fall 2025 - Spring 2026,2025,3,32,D250033,Farouk,Noor,5,2025-09-09,207,3.2,57,40,2026-05-05,209,2.9,52,50,212,5,2,4.3,-3,No,-0.33,37,21,12,57,132,59,Low Growth / Average Achievement,Low Growth / Average Achievement,37,52
Spring 2025-2026,Spring 2025-2026,AISA (sample data),AISA Demo School,Lindqvist,5B,Reading,Reading,Class,Fall 2025 - Spring 2026,2025,3,32,D250031,Jansen,Anouk,5,2025-09-09,242,3.5,99,73,2026-05-05,242,3.2,98,70,243,1,0,4.7,-1,No,-0.11,46,21,12,57,132,59,Average Growth / High Achievement,Average Growth / High Achievement,46,98
Spring 2025-2026,Spring 2025-2026,AISA (sample data),AISA Demo School,Lindqvist,5B,Reading,Reading,Class,Fall 2025 - Spring 2026,2025,3,32,D250030,Karimi,Dariush,5,2025-09-09,189,3.2,19,38,2026-05-05,207,3.0,48,34,196,7,18,4.4,11,Yes,1.22,89,21,12,57,132,59,High Growth / Low Achievement,High Growth / Average Achievement,89,48
Spring 2025-2026,Spring 2025-2026,AISA (sample data),AISA Demo School,Lindqvist,5B,Reading,Reading,Class,Fall 2025 - Spring 2026,2025,3,32,D250025,Kim,Seo-yeon,5,2025-09-09,213,3.0,70,48,2026-05-05,207,3.1,48,48,217,4,-6,4.3,-10,No,-1.11,13,21,12,57,132,59,Low Growth / High Achievement,Low Growth / Average Achievement,13,48
Spring 2025-2026,Spring 2025-2026,AISA (sample data),AISA Demo School,Lindqvist,5B,Reading,Reading,Class,Fall 2025 - Spring 2026,2025,3,32,D250024,Mansour,Karim,5,2025-09-09,176,3.2,5,50,2026-05-05,196,3.1,24,46,184,8,20,4.5,12,Yes,1.33,91,21,12,57,132,59,High Growth / Low Achievement,High Growth / Low Achievement,91,24
Spring 2025-2026,Spring 2025-2026,AISA (sample data),AISA Demo School,Lindqvist,5B,Reading,Reading,Class,Fall 2025 - Spring 2026,2025,3,32,D250028,Menon,Rohan,5,2025-09-24,200,3.1,41,51,2026-05-05,207,3.0,48,50,205,5,7,4.3,2,Yes,0.22,59,21,12,57,132,59,Average Growth / Average Achievement,Average Growth / Average Achievement,59,48
Spring 2025-2026,Spring 2025-2026,AISA (sample data),AISA Demo School,Lindqvist,5B,Reading,Reading,Class,Fall 2025 - Spring 2026,2025,3,32,D250037,Novak,Tomas,5,2025-09-09,201,3.1,43,49,2026-05-05,199,3.1,30,44,206,5,-2,4.4,-7,No,-0.78,22,21,12,57,132,59,Low Growth / Average Achievement,Low Growth / Low Achievement,22,30
Spring 2025-2026,Spring 2025-2026,AISA (sample data),AISA Demo School,Lindqvist,5B,Reading,Reading,Class,Fall 2025 - Spring 2026,2025,3,32,D250027,Nwosu,Adaeze,5,2025-09-09,205,3.0,52,43,2026-05-05,211,2.9,57,40,210,5,6,4.2,1,Yes,0.11,54,21,12,57,132,59,Average Growth / Average Achievement,Average Growth / Average Achievement,54,57
Spring 2025-2026,Spring 2025-2026,AISA (sample data),AISA Demo School,Lindqvist,5B,Reading,Reading,Class,Fall 2025 - Spring 2026,2025,3,32,D250036,Reddy,Ananya,5,2025-09-09,233,3.4,96,58,2026-05-20,224,3.0,83,53,235,2,-9,4.5,-11,No,-1.22,11,21,12,57,132,59,Low Growth / High Achievement,Low Growth / High Achievement,11,83
Spring 2025-2026,Spring 2025-2026,AISA (sample data),AISA Demo School,Lindqvist,5B,Reading,Reading,Class,Fall 2025 - Spring 2026,2025,3,32,D250032,Sato,Kenji,5,2025-09-09,193,3.1,26,45,2026-05-05,212,2.9,59,45,199,6,19,4.2,13,Yes,1.44,93,21,12,57,132,59,High Growth / Low Achievement,High Growth / Average Achievement,93,59
Spring 2025-2026,Spring 2025-2026,AISA (sample data),AISA Demo School,Lindqvist,5B,Reading,Reading,Class,Fall 2025 - Spring 2026,2025,3,32,D250043,Silva,Mateus,5,2025-09-09,195,2.9,30,52,2026-05-05,194,3.1,21,49,201,6,-1,4.2,-7,No,-0.78,22,21,12,57,132,59,Low Growth / Low Achievement,Low Growth / Low Achievement,22,21
Spring 2025-2026,Spring 2025-2026,AISA (sample data),AISA Demo School,Lindqvist,5B,Reading,Reading,Class,Fall 2025 - Spring 2026,2025,3,32,D250038,Tran,Linh,5,2025-09-09,246,3.2,99,34,2026-05-05,253,3.4,99,34,247,1,7,4.7,6,Yes,0.67,75,21,12,57,132,59,High Growth / High Achievement,High Growth / High Achievement,75,99
Spring 2025-2026,Spring 2025-2026,AISA (sample data),AISA Demo School,Lindqvist,5B,Reading,Reading,Class,Fall 2025 - Spring 2026,2025,3,32,D250035,Vargas,Diego,5,2025-09-09,210,3.2,64,50,2026-05-05,213,3.0,62,47,214,4,3,4.4,-1,No,-0.11,46,21,12,57,132,59,Average Growth / High Achievement,Average Growth / High Achievement,46,62
Spring 2025-2026,Spring 2025-2026,AISA (sample data),AISA Demo School,Lindqvist,5B,Reading,Reading,Class,Fall 2025 - Spring 2026,2025,3,32,D250044,Yamamoto,Hana,5,2025-09-09,202,3.0,45,41,2026-05-19,215,2.9,66,35,207,5,13,4.2,8,Yes,0.89,81,21,12,57,132,59,High Growth / Average Achievement,High Growth / High Achievement,81,66
Spring 2025-2026,Spring 2025-2026,AISA (sample data),AISA Demo School,Lindqvist,5B,Language Arts,Language Usage,Class,Fall 2025 - Spring 2026,2025,3,32,D250041,Asante,Kofi,5,2025-09-11,221,3.2,88,44,2026-05-07,214,3.2,67,47,224,3,-7,4.5,-10,No,-1.25,11,22,11,50,114,45,Low Growth / High Achievement,Low Growth / High Achievement,11,67
Spring 2025-2026,Spring 2025-2026,AISA (sample data),AISA Demo School,Lindqvist,5B,Language Arts,Language Usage,Class,Fall 2025 - Spring 2026,2025,3,32,D250045,Bennett,Oliver,5,2025-09-11,205,3.0,57,47,2026-05-07,221,3.1,81,49,210,5,16,4.3,11,Yes,1.38,92,22,11,50,114,45,High Growth / Average Achievement,High Growth / High Achievement,92,81
Spring 2025-2026,Spring 2025-2026,AISA (sample data),AISA Demo School,Lindqvist,5B,Language Arts,Language Usage,Class,Fall 2025 - Spring 2026,2025,3,32,D250026,Bianchi,Matteo,5,2025-09-11,242,3.2,99,50,2026-05-07,244,3.3,99,48,243,1,2,4.6,1,Yes,0.13,55,22,11,50,114,45,Average Growth / High Achievement,Average Growth / High Achievement,55,99
Spring 2025-2026,Spring 2025-2026,AISA (sample data),AISA Demo School,Lindqvist,5B,Language Arts,Language Usage,Class,Fall 2025 - Spring 2026,2025,3,32,D250040,Campbell,Isla,5,2025-09-25,209,2.9,67,49,2026-05-07,210,2.9,57,47,213,4,1,4.1,-3,No,-0.37,36,22,11,50,114,45,Low Growth / High Achievement,Low Growth / Average Achievement,36,57
Spring 2025-2026,Spring 2025-2026,AISA (sample data),AISA Demo School,Lindqvist,5B,Language Arts,Language Usage,Class,Fall 2025 - Spring 2026,2025,3,32,D250029,Castillo,Camila,5,2025-09-11,181,3.2,9,46,2026-05-07,187,3.0,11,46,189,8,6,4.4,-2,No,-0.25,40,22,11,50,114,45,Low Growth / Low Achievement,Low Growth / Low Achievement,40,11
Spring 2025-2026,Spring 2025-2026,AISA (sample data),AISA Demo School,Lindqvist,5B,Language Arts,Language Usage,Class,Fall 2025 - Spring 2026,2025,3,32,D250042,Darwish,Salma,5,2025-09-11,210,3.0,69,61,2026-05-20,201,3.1,35,63,214,4,-9,4.3,-13,No,-1.62,5,22,11,50,114,45,Low Growth / High Achievement,Low Growth / Low Achievement,5,35
Spring 2025-2026,Spring 2025-2026,AISA (sample data),AISA Demo School,Lindqvist,5B,Language Arts,Language Usage,Class,Fall 2025 - Spring 2026,2025,3,32,D250039,Demir,Emir,5,2025-09-11,205,2.8,57,44,2026-05-07,210,3.1,57,44,210,5,5,4.2,0,Yes,0.00,50,22,11,50,114,45,Average Growth / Average Achievement,Average Growth / Average Achievement,50,57
Spring 2025-2026,Spring 2025-2026,AISA (sample data),AISA Demo School,Lindqvist,5B,Language Arts,Language Usage,Class,Fall 2025 - Spring 2026,2025,3,32,D250034,Dlamini,Thandiwe,5,2025-09-11,191,3.2,25,36,2026-05-07,201,3.2,35,31,197,6,10,4.5,4,Yes,0.50,69,22,11,50,114,45,High Growth / Low Achievement,High Growth / Low Achievement,69,35
Spring 2025-2026,Spring 2025-2026,AISA (sample data),AISA Demo School,Lindqvist,5B,Language Arts,Language Usage,Class,Fall 2025 - Spring 2026,2025,3,32,D250033,Farouk,Noor,5,2025-09-11,207,3.1,62,41,2026-05-07,230,3.1,92,32,211,4,23,4.4,19,Yes,2.38,99,22,11,50,114,45,High Growth / High Achievement,High Growth / High Achievement,99,92
Spring 2025-2026,Spring 2025-2026,AISA (sample data),AISA Demo School,Lindqvist,5B,Language Arts,Language Usage,Class,Fall 2025 - Spring 2026,2025,3,32,D250031,Jansen,Anouk,5,2025-09-11,228,3.2,95,67,2026-05-07,226,3.1,88,63,230,2,-2,4.5,-4,No,-0.50,31,22,11,50,114,45,Low Growth / High Achievement,Low Growth / High Achievement,31,88
Spring 2025-2026,Spring 2025-2026,AISA (sample data),AISA Demo School,Lindqvist,5B,Language Arts,Language Usage,Class,Fall 2025 - Spring 2026,2025,3,32,D250030,Karimi,Dariush,5,2025-09-11,193,3.2,29,33,2026-05-07,207,3.1,50,29,199,6,14,4.5,8,Yes,1.00,84,22,11,50,114,45,High Growth / Low Achievement,High Growth / Average Achievement,84,50
Spring 2025-2026,Spring 2025-2026,AISA (sample data),AISA Demo School,Lindqvist,5B,Language Arts,Language Usage,Class,Fall 2025 - Spring 2026,2025,3,32,D250025,Kim,Seo-yeon,5,2025-09-11,215,3.0,79,49,2026-05-07,216,3.1,71,41,218,3,1,4.3,-2,No,-0.25,40,22,11,50,114,45,Low Growth / High Achievement,Low Growth / High Achievement,40,71
Spring 2025-2026,Spring 2025-2026,AISA (sample data),AISA Demo School,Lindqvist,5B,Language Arts,Language Usage,Class,Fall 2025 - Spring 2026,2025,3,32,D250024,Mansour,Karim,5,2025-09-11,169,3.2,2,44,2026-05-07,173,3.2,2,47,178,9,4,4.5,-5,No,-0.62,27,22,11,50,114,45,Low Growth / Low Achievement,Low Growth / Low Achievement,27,2
Spring 2025-2026,Spring 2025-2026,AISA (sample data),AISA Demo School,Lindqvist,5B,Language Arts,Language Usage,Class,Fall 2025 - Spring 2026,2025,3,32,D250028,Menon,Rohan,5,2025-09-24,193,3.4,29,43,2026-05-07,218,3.2,75,42,199,6,25,4.7,19,Yes,2.38,99,22,11,50,114,45,High Growth / Low Achievement,High Growth / High Achievement,99,75
Spring 2025-2026,Spring 2025-2026,AISA (sample data),AISA Demo School,Lindqvist,5B,Language Arts,Language Usage,Class,Fall 2025 - Spring 2026,2025,3,32,D250037,Novak,Tomas,5,2025-09-11,205,2.9,57,42,2026-05-07,212,3.1,62,40,210,5,7,4.2,2,Yes,0.25,60,22,11,50,114,45,Average Growth / Average Achievement,Average Growth / High Achievement,60,62
Spring 2025-2026,Spring 2025-2026,AISA (sample data),AISA Demo School,Lindqvist,5B,Language Arts,Language Usage,Class,Fall 2025 - Spring 2026,2025,3,32,D250027,Nwosu,Adaeze,5,2025-09-11,219,3.0,86,42,2026-05-07,212,2.9,62,41,222,3,-7,4.2,-10,No,-1.25,11,22,11,50,114,45,Low Growth / High Achievement,Low Growth / High Achievement,11,62
Spring 2025-2026,Spring 2025-2026,AISA (sample data),AISA Demo School,Lindqvist,5B,Language Arts,Language Usage,Class,Fall 2025 - Spring 2026,2025,3,32,D250036,Reddy,Ananya,5,2025-09-11,229,3.3,95,52,2026-05-20,226,3.3,88,42,231,2,-3,4.7,-5,No,-0.62,27,22,11,50,114,45,Low Growth / High Achievement,Low Growth / High Achievement,27,88
Spring 2025-2026,Spring 2025-2026,AISA (sample data),AISA Demo School,Lindqvist,5B,Language Arts,Language Usage,Class,Fall 2025 - Spring 2026,2025,3,32,D250032,Sato,Kenji,5,2025-09-11,193,3.3,29,45,2026-05-07,208,2.9,52,40,199,6,15,4.4,9,Yes,1.13,87,22,11,50,114,45,High Growth / Low Achievement,High Growth / Average Achievement,87,52
Spring 2025-2026,Spring 2025-2026,AISA (sample data),AISA Demo School,Lindqvist,5B,Language Arts,Language Usage,Class,Fall 2025 - Spring 2026,2025,3,32,D250043,Silva,Mateus,5,2025-09-11,191,3.1,25,45,2026-05-07,195,2.9,23,45,197,6,4,4.2,-2,No,-0.25,40,22,11,50,114,45,Low Growth / Low Achievement,Low Growth / Low Achievement,40,23
Spring 2025-2026,Spring 2025-2026,AISA (sample data),AISA Demo School,Lindqvist,5B,Language Arts,Language Usage,Class,Fall 2025 - Spring 2026,2025,3,32,D250038,Tran,Linh,5,2025-09-11,237,3.2,99,30,2026-05-07,239,3.3,98,36,238,1,2,4.6,1,Yes,0.13,55,22,11,50,114,45,Average Growth / High Achievement,Average Growth / High Achievement,55,98
Spring 2025-2026,Spring 2025-2026,AISA (sample data),AISA Demo School,Lindqvist,5B,Language Arts,Language Usage,Class,Fall 2025 - Spring 2026,2025,3,32,D250035,Vargas,Diego,5,2025-09-11,194,2.9,31,48,2026-05-07,195,3.1,23,43,200,6,1,4.2,-5,No,-0.62,27,22,11,50,114,45,Low Growth / Low Achievement,Low Growth / Low Achievement,27,23
Spring 2025-2026,Spring 2025-2026,AISA (sample data),AISA Demo School,Lindqvist,5B,Language Arts,Language Usage,Class,Fall 2025 - Spring 2026,2025,3,32,D250044,Yamamoto,Hana,5,2025-09-11,213,2.9,75,35,2026-05-19,218,3.1,75,30,217,4,5,4.2,1,Yes,0.13,55,22,11,50,114,45,Average Growth / High Achievement,Average Growth / High Achievement,55,75
Spring 2025-2026,Spring 2025-2026,AISA (sample data),AISA Demo School,Lindqvist,5B,Mathematics,Math K-12,Class,Fall 2025 - Spring 2026,2025,3,32,D250041,Asante,Kofi,5,2025-09-16,227,3.1,91,54,2026-05-12,229,3.1,76,57,237,10,2,4.4,-8,No,-1.00,16,22,5,23,55,25,Low Growth / High Achievement,Low Growth / High Achievement,16,76
Spring 2025-2026,Spring 2025-2026,AISA (sample data),AISA Demo School,Lindqvist,5B,Mathematics,Math K-12,Class,Fall 2025 - Spring 2026,2025,3,32,D250045,Bennett,Oliver,5,2025-09-16,222,3.1,84,65,2026-05-12,231,3.1,80,55,232,10,9,4.4,-1,No,-0.12,45,22,5,23,55,25,Average Growth / High Achievement,Average Growth / High Achievement,45,80
Spring 2025-2026,Spring 2025-2026,AISA (sample data),AISA Demo School,Lindqvist,5B,Mathematics,Math K-12,Class,Fall 2025 - Spring 2026,2025,3,32,D250026,Bianchi,Matteo,5,2025-09-16,240,3.3,98,62,2026-05-12,251,3.1,97,66,250,10,11,4.5,1,Yes,0.13,55,22,5,23,55,25,Average Growth / High Achievement,Average Growth / High Achievement,55,97
Spring 2025-2026,Spring 2025-2026,AISA (sample data),AISA Demo School,Lindqvist,5B,Mathematics,Math K-12,Class,Fall 2025 - Spring 2026,2025,3,32,D250040,Campbell,Isla,5,2025-09-25,223,2.9,86,62,2026-05-12,224,2.9,67,61,233,10,1,4.1,-9,No,-1.12,13,22,5,23,55,25,Low Growth / High Achievement,Low Growth / High Achievement,13,67
Spring 2025-2026,Spring 2025-2026,AISA (sample data),AISA Demo School,Lindqvist,5B,Mathematics,Math K-12,Class,Fall 2025 - Spring 2026,2025,3,32,D250029,Castillo,Camila,5,2025-09-16,202,3.0,40,57,2026-05-12,201,3.2,20,64,212,10,-1,4.4,-11,No,-1.37,9,22,5,23,55,25,Low Growth / Low Achievement,Low Growth / Low Achievement,9,20
Spring 2025-2026,Spring 2025-2026,AISA (sample data),AISA Demo School,Lindqvist,5B,Mathematics,Math K-12,Class,Fall 2025 - Spring 2026,2025,3,32,D250042,Darwish,Salma,5,2025-09-16,212,3.1,65,71,2026-05-20,207,3.3,31,77,222,10,-5,4.5,-15,No,-1.87,3,22,5,23,55,25,Low Growth / High Achievement,Low Growth / Low Achievement,3,31
Spring 2025-2026,Spring 2025-2026,AISA (sample data),AISA Demo School,Lindqvist,5B,Mathematics,Math K-12,Class,Fall 2025 - Spring 2026,2025,3,32,D250039,Demir,Emir,5,2025-09-16,198,3.1,31,58,2026-05-12,216,3.1,50,53,208,10,18,4.4,8,Yes,1.00,84,22,5,23,55,25,High Growth / Low Achievement,High Growth / Average Achievement,84,50
Spring 2025-2026,Spring 2025-2026,AISA (sample data),AISA Demo School,Lindqvist,5B,Mathematics,Math K-12,Class,Fall 2025 - Spring 2026,2025,3,32,D250034,Dlamini,Thandiwe,5,2025-09-16,181,3.2,6,45,2026-05-12,186,3.1,5,42,191,10,5,4.5,-5,No,-0.62,27,22,5,23,55,25,Low Growth / Low Achievement,Low Growth / Low Achievement,27,5
Spring 2025-2026,Spring 2025-2026,AISA (sample data),AISA Demo School,Lindqvist,5B,Mathematics,Math K-12,Class,Fall 2025 - Spring 2026,2025,3,32,D250033,Farouk,Noor,5,2025-09-16,203,3.0,43,48,2026-05-12,208,2.8,33,49,213,10,5,4.1,-5,No,-0.62,27,22,5,23,55,25,Low Growth / Average Achievement,Low Growth / Low Achievement,27,33
Spring 2025-2026,Spring 2025-2026,AISA (sample data),AISA Demo School,Lindqvist,5B,Mathematics,Math K-12,Class,Fall 2025 - Spring 2026,2025,3,32,D250031,Jansen,Anouk,5,2025-09-16,239,3.2,98,86,2026-05-12,251,3.2,97,79,249,10,12,4.5,2,Yes,0.25,60,22,5,23,55,25,Average Growth / High Achievement,Average Growth / High Achievement,60,97
Spring 2025-2026,Spring 2025-2026,AISA (sample data),AISA Demo School,Lindqvist,5B,Mathematics,Math K-12,Class,Fall 2025 - Spring 2026,2025,3,32,D250030,Karimi,Dariush,5,2025-09-16,209,3.0,57,36,2026-05-12,220,3.1,59,38,219,10,11,4.3,1,Yes,0.13,55,22,5,23,55,25,Average Growth / Average Achievement,Average Growth / Average Achievement,55,59
Spring 2025-2026,Spring 2025-2026,AISA (sample data),AISA Demo School,Lindqvist,5B,Mathematics,Math K-12,Class,Fall 2025 - Spring 2026,2025,3,32,D250025,Kim,Seo-yeon,5,2025-09-16,209,2.9,57,60,2026-05-12,205,3.1,27,51,219,10,-4,4.2,-14,No,-1.75,4,22,5,23,55,25,Low Growth / Average Achievement,Low Growth / Low Achievement,4,27
Spring 2025-2026,Spring 2025-2026,AISA (sample data),AISA Demo School,Lindqvist,5B,Mathematics,Math K-12,Class,Fall 2025 - Spring 2026,2025,3,32,D250024,Mansour,Karim,5,2025-09-16,187,3.1,12,57,2026-05-12,189,3.0,7,52,197,10,2,4.3,-8,No,-1.00,16,22,5,23,55,25,Low Growth / Low Achievement,Low Growth / Low Achievement,16,7
Spring 2025-2026,Spring 2025-2026,AISA (sample data),AISA Demo School,Lindqvist,5B,Mathematics,Math K-12,Class,Fall 2025 - Spring 2026,2025,3,32,D250028,Menon,Rohan,5,2025-09-24,217,3.2,75,54,2026-05-12,239,3.2,90,52,227,10,22,4.5,12,Yes,1.50,93,22,5,23,55,25,High Growth / High Achievement,High Growth / High Achievement,93,90
Spring 2025-2026,Spring 2025-2026,AISA (sample data),AISA Demo School,Lindqvist,5B,Mathematics,Math K-12,Class,Fall 2025 - Spring 2026,2025,3,32,D250037,Novak,Tomas,5,2025-09-16,204,3.0,45,44,2026-05-12,203,3.2,24,48,214,10,-1,4.4,-11,No,-1.37,9,22,5,23,55,25,Low Growth / Average Achievement,Low Growth / Low Achievement,9,24
Spring 2025-2026,Spring 2025-2026,AISA (sample data),AISA Demo School,Lindqvist,5B,Mathematics,Math K-12,Class,Fall 2025 - Spring 2026,2025,3,32,D250027,Nwosu,Adaeze,5,2025-09-16,204,3.0,45,50,2026-05-12,213,3.2,43,47,214,10,9,4.4,-1,No,-0.12,45,22,5,23,55,25,Average Growth / Average Achievement,Average Growth / Average Achievement,45,43
Spring 2025-2026,Spring 2025-2026,AISA (sample data),AISA Demo School,Lindqvist,5B,Mathematics,Math K-12,Class,Fall 2025 - Spring 2026,2025,3,32,D250036,Reddy,Ananya,5,2025-09-16,222,3.1,84,62,2026-05-19,226,3.2,71,56,232,10,4,4.5,-6,No,-0.75,23,22,5,23,55,25,Low Growth / High Achievement,Low Growth / High Achievement,23,71
Spring 2025-2026,Spring 2025-2026,AISA (sample data),AISA Demo School,Lindqvist,5B,Mathematics,Math K-12,Class,Fall 2025 - Spring 2026,2025,3,32,D250032,Sato,Kenji,5,2025-09-16,195,3.1,25,54,2026-05-12,197,3.0,15,49,205,10,2,4.3,-8,No,-1.00,16,22,5,23,55,25,Low Growth / Low Achievement,Low Growth / Low Achievement,16,15
Spring 2025-2026,Spring 2025-2026,AISA (sample data),AISA Demo School,Lindqvist,5B,Mathematics,Math K-12,Class,Fall 2025 - Spring 2026,2025,3,32,D250043,Silva,Mateus,5,2025-09-16,208,3.0,55,52,2026-05-12,211,3.0,39,55,218,10,3,4.2,-7,No,-0.87,19,22,5,23,55,25,Low Growth / Average Achievement,Low Growth / Low Achievement,19,39
Spring 2025-2026,Spring 2025-2026,AISA (sample data),AISA Demo School,Lindqvist,5B,Mathematics,Math K-12,Class,Fall 2025 - Spring 2026,2025,3,32,D250038,Tran,Linh,5,2025-09-16,234,3.2,96,40,2026-05-12,243,3.2,93,36,244,10,9,4.5,-1,No,-0.12,45,22,5,23,55,25,Average Growth / High Achievement,Average Growth / High Achievement,45,93
Spring 2025-2026,Spring 2025-2026,AISA (sample data),AISA Demo School,Lindqvist,5B,Mathematics,Math K-12,Class,Fall 2025 - Spring 2026,2025,3,32,D250035,Vargas,Diego,5,2025-09-16,192,3.0,19,51,2026-05-12,192,3.1,9,56,202,10,0,4.3,-10,No,-1.25,11,22,5,23,55,25,Low Growth / Low Achievement,Low Growth / Low Achievement,11,9
Spring 2025-2026,Spring 2025-2026,AISA (sample data),AISA Demo School,Lindqvist,5B,Mathematics,Math K-12,Class,Fall 2025 - Spring 2026,2025,3,32,D250044,Yamamoto,Hana,5,2025-09-16,209,3.0,57,46,2026-05-19,216,3.0,50,41,219,10,7,4.2,-3,No,-0.37,36,22,5,23,55,25,Low Growth / Average Achievement,Low Growth / Average Achievement,36,50
Spring 2025-2026,Spring 2025-2026,AISA (sample data),AISA Demo School,Lindqvist,5B,Science,Science K-12,Class,Fall 2025 - Spring 2026,2025,3,32,D250041,Asante,Kofi,5,2025-09-18,216,3.1,88,45,2026-05-14,220,3.2,82,35,221,5,4,4.5,-1,No,-0.14,44,22,11,50,136,53,Average Growth / High Achievement,Average Growth / High Achievement,44,82
Spring 2025-2026,Spring 2025-2026,AISA (sample data),AISA Demo School,Lindqvist,5B,Science,Science K-12,Class,Fall 2025 - Spring 2026,2025,3,32,D250045,Bennett,Oliver,5,2025-09-18,207,3.0,68,44,2026-05-14,210,3.0,58,46,213,6,3,4.2,-3,No,-0.43,33,22,11,50,136,53,Low Growth / High Achievement,Low Growth / Average Achievement,33,58
Spring 2025-2026,Spring 2025-2026,AISA (sample data),AISA Demo School,Lindqvist,5B,Science,Science K-12,Class,Fall 2025 - Spring 2026,2025,3,32,D250026,Bianchi,Matteo,5,2025-09-18,238,3.4,99,51,2026-05-14,241,3.4,99,46,242,4,3,4.8,-1,No,-0.14,44,22,11,50,136,53,Average Growth / High Achievement,Average Growth / High Achievement,44,99
Spring 2025-2026,Spring 2025-2026,AISA (sample data),AISA Demo School,Lindqvist,5B,Science,Science K-12,Class,Fall 2025 - Spring 2026,2025,3,32,D250040,Campbell,Isla,5,2025-09-24,214,3.0,84,47,2026-05-14,221,3.1,84,39,219,5,7,4.3,2,Yes,0.29,61,22,11,50,136,53,High Growth / High Achievement,High Growth / High Achievement,61,84
Spring 2025-2026,Spring 2025-2026,AISA (sample data),AISA Demo School,Lindqvist,5B,Science,Science K-12,Class,Fall 2025 - Spring 2026,2025,3,32,D250029,Castillo,Camila,5,2025-09-18,193,3.3,27,41,2026-05-14,207,3.2,50,43,199,6,14,4.6,8,Yes,1.14,87,22,11,50,136,53,High Growth / Low Achievement,High Growth / Average Achievement,87,50
Spring 2025-2026,Spring 2025-2026,AISA (sample data),AISA Demo School,Lindqvist,5B,Science,Science K-12,Class,Fall 2025 - Spring 2026,2025,3,32,D250042,Darwish,Salma,5,2025-09-18,201,2.8,50,60,2026-05-20,201,2.9,33,59,207,6,0,4.0,-6,No,-0.86,19,22,11,50,136,53,Low Growth / Average Achievement,Low Growth / Low Achievement,19,33
Spring 2025-2026,Spring 2025-2026,AISA (sample data),AISA Demo School,Lindqvist,5B,Science,Science K-12,Class,Fall 2025 - Spring 2026,2025,3,32,D250039,Demir,Emir,5,2025-09-18,201,2.8,50,49,2026-05-14,206,3.0,47,41,207,6,5,4.1,-1,No,-0.14,44,22,11,50,136,53,Average Growth / Average Achievement,Average Growth / Average Achievement,44,47
Spring 2025-2026,Spring 2025-2026,AISA (sample data),AISA Demo School,Lindqvist,5B,Science,Science K-12,Class,Fall 2025 - Spring 2026,2025,3,32,D250034,Dlamini,Thandiwe,5,2025-09-18,198,3.1,41,32,2026-05-14,209,3.0,56,28,204,6,11,4.3,5,Yes,0.71,76,22,11,50,136,53,High Growth / Average Achievement,High Growth / Average Achievement,76,56
Spring 2025-2026,Spring 2025-2026,AISA (sample data),AISA Demo School,Lindqvist,5B,Science,Science K-12,Class,Fall 2025 - Spring 2026,2025,3,32,D250033,Farouk,Noor,5,2025-09-18,208,3.0,70,33,2026-05-14,206,3.9,47,29,214,6,-2,4.9,-8,No,-1.14,13,22,11,50,136,53,Low Growth / High Achievement,Low Growth / Average Achievement,13,47
Spring 2025-2026,Spring 2025-2026,AISA (sample data),AISA Demo School,Lindqvist,5B,Science,Science K-12,Class,Fall 2025 - Spring 2026,2025,3,32,D250031,Jansen,Anouk,5,2025-09-18,228,3.2,98,61,2026-05-14,231,3.3,96,62,233,5,3,4.6,-2,No,-0.29,39,22,11,50,136,53,Low Growth / High Achievement,Low Growth / High Achievement,39,96
Spring 2025-2026,Spring 2025-2026,AISA (sample data),AISA Demo School,Lindqvist,5B,Science,Science K-12,Class,Fall 2025 - Spring 2026,2025,3,32,D250030,Karimi,Dariush,5,2025-09-18,200,3.0,47,31,2026-05-14,212,3.0,64,27,206,6,12,4.2,6,Yes,0.86,81,22,11,50,136,53,High Growth / Average Achievement,High Growth / High Achievement,81,64
Spring 2025-2026,Spring 2025-2026,AISA (sample data),AISA Demo School,Lindqvist,5B,Science,Science K-12,Class,Fall 2025 - Spring 2026,2025,3,32,D250025,Kim,Seo-yeon,5,2025-09-18,198,3.1,41,46,2026-05-14,213,3.2,67,39,204,6,15,4.5,9,Yes,1.29,90,22,11,50,136,53,High Growth / Average Achievement,High Growth / High Achievement,90,67
Spring 2025-2026,Spring 2025-2026,AISA (sample data),AISA Demo School,Lindqvist,5B,Science,Science K-12,Class,Fall 2025 - Spring 2026,2025,3,32,D250024,Mansour,Karim,5,2025-09-18,179,3.3,5,46,2026-05-14,191,3.2,13,34,186,7,12,4.6,5,Yes,0.71,76,22,11,50,136,53,High Growth / Low Achievement,High Growth / Low Achievement,76,13
Spring 2025-2026,Spring 2025-2026,AISA (sample data),AISA Demo School,Lindqvist,5B,Science,Science K-12,Class,Fall 2025 - Spring 2026,2025,3,32,D250028,Menon,Rohan,5,2025-09-25,188,3.0,16,39,2026-05-14,198,3.1,26,43,195,7,10,4.3,3,Yes,0.43,67,22,11,50,136,53,High Growth / Low Achievement,High Growth / Low Achievement,67,26
Spring 2025-2026,Spring 2025-2026,AISA (sample data),AISA Demo School,Lindqvist,5B,Science,Science K-12,Class,Fall 2025 - Spring 2026,2025,3,32,D250037,Novak,Tomas,5,2025-09-18,191,3.2,22,40,2026-05-14,194,3.1,18,43,198,7,3,4.5,-4,No,-0.57,28,22,11,50,136,53,Low Growth / Low Achievement,Low Growth / Low Achievement,28,18
Spring 2025-2026,Spring 2025-2026,AISA (sample data),AISA Demo School,Lindqvist,5B,Science,Science K-12,Class,Fall 2025 - Spring 2026,2025,3,32,D250027,Nwosu,Adaeze,5,2025-09-18,206,3.1,65,32,2026-05-14,230,2.9,95,34,212,6,24,4.2,18,Yes,2.57,99,22,11,50,136,53,High Growth / High Achievement,High Growth / High Achievement,99,95
Spring 2025-2026,Spring 2025-2026,AISA (sample data),AISA Demo School,Lindqvist,5B,Science,Science K-12,Class,Fall 2025 - Spring 2026,2025,3,32,D250036,Reddy,Ananya,5,2025-09-18,206,3.0,65,40,2026-05-20,221,3.2,84,47,212,6,15,4.4,9,Yes,1.29,90,22,11,50,136,53,High Growth / High Achievement,High Growth / High Achievement,90,84
Spring 2025-2026,Spring 2025-2026,AISA (sample data),AISA Demo School,Lindqvist,5B,Science,Science K-12,Class,Fall 2025 - Spring 2026,2025,3,32,D250032,Sato,Kenji,5,2025-09-18,202,3.0,53,45,2026-05-14,218,3.0,78,34,208,6,16,4.2,10,Yes,1.43,92,22,11,50,136,53,High Growth / Average Achievement,High Growth / High Achievement,92,78
Spring 2025-2026,Spring 2025-2026,AISA (sample data),AISA Demo School,Lindqvist,5B,Science,Science K-12,Class,Fall 2025 - Spring 2026,2025,3,32,D250043,Silva,Mateus,5,2025-09-18,205,3.1,62,35,2026-05-14,220,3.1,82,41,211,6,15,4.4,9,Yes,1.29,90,22,11,50,136,53,High Growth / High Achievement,High Growth / High Achievement,90,82
Spring 2025-2026,Spring 2025-2026,AISA (sample data),AISA Demo School,Lindqvist,5B,Science,Science K-12,Class,Fall 2025 - Spring 2026,2025,3,32,D250038,Tran,Linh,5,2025-09-18,225,3.3,97,32,2026-05-14,228,3.1,93,30,230,5,3,4.5,-2,No,-0.29,39,22,11,50,136,53,Low Growth / High Achievement,Low Growth / High Achievement,39,93
Spring 2025-2026,Spring 2025-2026,AISA (sample data),AISA Demo School,Lindqvist,5B,Science,Science K-12,Class,Fall 2025 - Spring 2026,2025,3,32,D250035,Vargas,Diego,5,2025-09-18,204,2.9,59,40,2026-05-14,208,3.1,53,41,210,6,4,4.2,-2,No,-0.29,39,22,11,50,136,53,Low Growth / Average Achievement,Low Growth / Average Achievement,39,53
Spring 2025-2026,Spring 2025-2026,AISA (sample data),AISA Demo School,Lindqvist,5B,Science,Science K-12,Class,Fall 2025 - Spring 2026,2025,3,32,D250044,Yamamoto,Hana,5,2025-09-18,196,3.0,35,37,2026-05-19,195,3.0,20,35,202,6,-1,4.2,-7,No,-1.00,16,22,11,50,136,53,Low Growth / Low Achievement,Low Growth / Low Achievement,16,20
Spring 2025-2026,Spring 2025-2026,AISA (sample data),AISA Demo School,Rahimi,6A,Reading,Reading,Class,Fall 2025 - Spring 2026,2025,3,32,D250066,Chowdhury,Farhan,6,2025-09-10,212,3.0,57,56,2026-05-06,235,3.2,91,56,215,3,23,4.4,20,Yes,2.50,99,24,17,71,309,73,High Growth / Average Achievement,High Growth / High Achievement,99,91
Spring 2025-2026,Spring 2025-2026,AISA (sample data),AISA Demo School,Rahimi,6A,Reading,Reading,Class,Fall 2025 - Spring 2026,2025,3,32,D250056,Eze,Chidi,6,2025-09-10,227,3.0,86,37,2026-05-06,229,3.1,84,36,228,1,2,4.3,1,Yes,0.13,55,24,17,71,309,73,Average Growth / High Achievement,Average Growth / High Achievement,55,84
Spring 2025-2026,Spring 2025-2026,AISA (sample data),AISA Demo School,Rahimi,6A,Reading,Reading,Class,Fall 2025 - Spring 2026,2025,3,32,D250054,Fernandes,Hugo,6,2025-09-10,234,3.3,93,63,2026-05-06,231,2.9,87,57,235,1,-3,4.4,-4,No,-0.50,31,24,17,71,309,73,Low Growth / High Achievement,Low Growth / High Achievement,31,87
Spring 2025-2026,Spring 2025-2026,AISA (sample data),AISA Demo School,Rahimi,6A,Reading,Reading,Class,Fall 2025 - Spring 2026,2025,3,32,D250055,Hamdi,Rania,6,2025-09-10,217,3.0,68,45,2026-05-06,230,3.1,86,40,219,2,13,4.3,11,Yes,1.38,92,24,17,71,309,73,High Growth / High Achievement,High Growth / High Achievement,92,86
Spring 2025-2026,Spring 2025-2026,AISA (sample data),AISA Demo School,Rahimi,6A,Reading,Reading,Class,Fall 2025 - Spring 2026,2025,3,32,D250064,Horvat,Luka,6,2025-09-10,217,2.9,68,51,2026-05-06,225,3.2,78,52,219,2,8,4.3,6,Yes,0.75,77,24,17,71,309,73,High Growth / High Achievement,High Growth / High Achievement,77,78
Spring 2025-2026,Spring 2025-2026,AISA (sample data),AISA Demo School,Rahimi,6A,Reading,Reading,Class,Fall 2025 - Spring 2026,2025,3,32,D250052,Hosseini,Shirin,6,2025-09-10,213,3.1,59,41,2026-05-06,211,3.1,48,46,216,3,-2,4.4,-5,No,-0.62,27,24,17,71,309,73,Low Growth / Average Achievement,Low Growth / Average Achievement,27,48
Spring 2025-2026,Spring 2025-2026,AISA (sample data),AISA Demo School,Rahimi,6A,Reading,Reading,Class,Fall 2025 - Spring 2026,2025,3,32,D250067,Hughes,Olivia,6,2025-09-10,193,3.0,17,70,2026-05-06,218,3.0,64,58,198,5,25,4.2,20,Yes,2.50,99,24,17,71,309,73,High Growth / Low Achievement,High Growth / High Achievement,99,64
Spring 2025-2026,Spring 2025-2026,AISA (sample data),AISA Demo School,Rahimi,6A,Reading,Reading,Class,Fall 2025 - Spring 2026,2025,3,32,D250048,Kapoor,Ishaan,6,2025-09-10,215,3.0,64,52,2026-05-06,214,3.0,55,51,217,2,-1,4.2,-3,No,-0.37,36,24,17,71,309,73,Low Growth / High Achievement,Low Growth / Average Achievement,36,55
Spring 2025-2026,Spring 2025-2026,AISA (sample data),AISA Demo School,Rahimi,6A,Reading,Reading,Class,Fall 2025 - Spring 2026,2025,3,32,D250065,Kaya,Defne,6,2025-09-10,226,3.2,84,43,2026-05-06,224,3.3,76,45,227,1,-2,4.6,-3,No,-0.37,36,24,17,71,309,73,Low Growth / High Achievement,Low Growth / High Achievement,36,76
Spring 2025-2026,Spring 2025-2026,AISA (sample data),AISA Demo School,Rahimi,6A,Reading,Reading,Class,Fall 2025 - Spring 2026,2025,3,32,D250050,Kowalska,Zofia,6,2025-09-10,229,2.8,88,48,2026-05-06,233,3.2,89,45,230,1,4,4.3,3,Yes,0.38,65,24,17,71,309,73,High Growth / High Achievement,High Growth / High Achievement,65,89
Spring 2025-2026,Spring 2025-2026,AISA (sample data),AISA Demo School,Rahimi,6A,Reading,Reading,Class,Fall 2025 - Spring 2026,2025,3,32,D250053,Lim,Jia Hui,6,2025-09-10,209,2.9,50,51,2026-05-06,215,3.0,57,50,212,3,6,4.2,3,Yes,0.38,65,24,17,71,309,73,High Growth / Average Achievement,High Growth / Average Achievement,65,57
Spring 2025-2026,Spring 2025-2026,AISA (sample data),AISA Demo School,Rahimi,6A,Reading,Reading,Class,Fall 2025 - Spring 2026,2025,3,32,D250059,Mendoza,Lucía,6,2025-09-10,210,3.0,52,51,2026-05-06,206,2.9,36,50,213,3,-4,4.2,-7,No,-0.87,19,24,17,71,309,73,Low Growth / Average Achievement,Low Growth / Low Achievement,19,36
Spring 2025-2026,Spring 2025-2026,AISA (sample data),AISA Demo School,Rahimi,6A,Reading,Reading,Class,Fall 2025 - Spring 2026,2025,3,32,D250061,Moreau,Inès,6,2025-09-10,203,2.9,36,66,2026-05-06,202,3.0,28,65,207,4,-1,4.2,-5,No,-0.62,27,24,17,71,309,73,Low Growth / Low Achievement,Low Growth / Low Achievement,27,28
Spring 2025-2026,Spring 2025-2026,AISA (sample data),AISA Demo School,Rahimi,6A,Reading,Reading,Class,Fall 2025 - Spring 2026,2025,3,32,D250063,Mwangi,Nia,6,2025-09-10,196,3.1,22,41,2026-05-06,205,3.0,34,43,201,5,9,4.3,4,Yes,0.50,69,24,17,71,309,73,High Growth / Low Achievement,High Growth / Low Achievement,69,34
Spring 2025-2026,Spring 2025-2026,AISA (sample data),AISA Demo School,Rahimi,6A,Reading,Reading,Class,Fall 2025 - Spring 2026,2025,3,32,D250060,Nguyen,Minh,6,2025-09-10,214,3.1,62,57,2026-05-06,231,3.2,87,50,216,2,17,4.5,15,Yes,1.88,97,24,17,71,309,73,High Growth / High Achievement,High Growth / High Achievement,97,87
Spring 2025-2026,Spring 2025-2026,AISA (sample data),AISA Demo School,Rahimi,6A,Reading,Reading,Class,Fall 2025 - Spring 2026,2025,3,32,D250057,Nyberg,Astrid,6,2025-09-10,184,3.2,7,44,2026-05-19,201,2.9,26,40,190,6,17,4.3,11,Yes,1.38,92,24,17,71,309,73,High Growth / Low Achievement,High Growth / Low Achievement,92,26
Spring 2025-2026,Spring 2025-2026,AISA (sample data),AISA Demo School,Rahimi,6A,Reading,Reading,Class,Fall 2025 - Spring 2026,2025,3,32,D250069,Ochieng,Makena,6,2025-09-10,235,3.2,94,46,2026-05-06,245,3.3,97,38,236,1,10,4.6,9,Yes,1.13,87,24,17,71,309,73,High Growth / High Achievement,High Growth / High Achievement,87,97
Spring 2025-2026,Spring 2025-2026,AISA (sample data),AISA Demo School,Rahimi,6A,Reading,Reading,Class,Fall 2025 - Spring 2026,2025,3,32,D250051,Ortiz,Joaquín,6,2025-09-10,209,3.0,50,40,2026-05-06,225,3.1,78,35,212,3,16,4.3,13,Yes,1.63,95,24,17,71,309,73,High Growth / Average Achievement,High Growth / High Achievement,95,78
Spring 2025-2026,Spring 2025-2026,AISA (sample data),AISA Demo School,Rahimi,6A,Reading,Reading,Class,Fall 2025 - Spring 2026,2025,3,32,D250047,Papadopoulos,Sofia,6,2025-09-10,218,3.1,70,44,2026-05-06,232,3.1,88,46,220,2,14,4.4,12,Yes,1.50,93,24,17,71,309,73,High Growth / High Achievement,High Growth / High Achievement,93,88
Spring 2025-2026,Spring 2025-2026,AISA (sample data),AISA Demo School,Rahimi,6A,Reading,Reading,Class,Fall 2025 - Spring 2026,2025,3,32,D250062,Qasim,Tariq,6,2025-09-10,210,2.9,52,61,2026-05-06,217,3.0,62,65,213,3,7,4.2,4,Yes,0.50,69,24,17,71,309,73,High Growth / Average Achievement,High Growth / High Achievement,69,62
Spring 2025-2026,Spring 2025-2026,AISA (sample data),AISA Demo School,Rahimi,6A,Reading,Reading,Class,Fall 2025 - Spring 2026,2025,3,32,D250046,Saleh,Yousef,6,2025-09-10,191,3.2,14,71,2026-05-06,211,3.0,48,62,196,5,20,4.4,15,Yes,1.88,97,24,17,71,309,73,High Growth / Low Achievement,High Growth / Average Achievement,97,48
Spring 2025-2026,Spring 2025-2026,AISA (sample data),AISA Demo School,Rahimi,6A,Reading,Reading,Class,Fall 2025 - Spring 2026,2025,3,32,D250058,Sharma,Aarav,6,2025-09-10,186,3.2,9,37,2026-05-06,202,3.0,28,33,192,6,16,4.4,10,Yes,1.25,89,24,17,71,309,73,High Growth / Low Achievement,High Growth / Low Achievement,89,28
Spring 2025-2026,Spring 2025-2026,AISA (sample data),AISA Demo School,Rahimi,6A,Reading,Reading,Class,Fall 2025 - Spring 2026,2025,3,32,D250049,Tesfaye,Abebe,6,2025-09-10,226,3.0,84,35,2026-05-06,225,3.1,78,38,227,1,-1,4.3,-2,No,-0.25,40,24,17,71,309,73,Low Growth / High Achievement,Low Growth / High Achievement,40,78
Spring 2025-2026,Spring 2025-2026,AISA (sample data),AISA Demo School,Rahimi,6A,Reading,Reading,Class,Fall 2025 - Spring 2026,2025,3,32,D250068,Watanabe,Sora,6,2025-09-10,232,3.3,91,58,2026-05-06,243,3.1,97,59,233,1,11,4.5,10,Yes,1.25,89,24,17,71,309,73,High Growth / High Achievement,High Growth / High Achievement,89,97
Spring 2025-2026,Spring 2025-2026,AISA (sample data),AISA Demo School,Rahimi,6A,Language Arts,Language Usage,Class,Fall 2025 - Spring 2026,2025,3,32,D250066,Chowdhury,Farhan,6,2025-09-12,228,3.2,92,49,2026-05-08,247,3.4,99,46,229,1,19,4.7,18,Yes,2.25,99,24,20,83,325,82,High Growth / High Achievement,High Growth / High Achievement,99,99
Spring 2025-2026,Spring 2025-2026,AISA (sample data),AISA Demo School,Rahimi,6A,Language Arts,Language Usage,Class,Fall 2025 - Spring 2026,2025,3,32,D250056,Eze,Chidi,6,2025-09-12,217,3.1,75,36,2026-05-08,230,3.2,89,31,220,3,13,4.5,10,Yes,1.25,89,24,20,83,325,82,High Growth / High Achievement,High Growth / High Achievement,89,89
Spring 2025-2026,Spring 2025-2026,AISA (sample data),AISA Demo School,Rahimi,6A,Language Arts,Language Usage,Class,Fall 2025 - Spring 2026,2025,3,32,D250054,Fernandes,Hugo,6,2025-09-12,235,3.1,97,57,2026-05-08,246,3.3,99,50,236,1,11,4.5,10,Yes,1.25,89,24,20,83,325,82,High Growth / High Achievement,High Growth / High Achievement,89,99
Spring 2025-2026,Spring 2025-2026,AISA (sample data),AISA Demo School,Rahimi,6A,Language Arts,Language Usage,Class,Fall 2025 - Spring 2026,2025,3,32,D250055,Hamdi,Rania,6,2025-09-12,198,3.2,31,35,2026-05-08,223,3.0,79,36,203,5,25,4.4,20,Yes,2.50,99,24,20,83,325,82,High Growth / Low Achievement,High Growth / High Achievement,99,79
Spring 2025-2026,Spring 2025-2026,AISA (sample data),AISA Demo School,Rahimi,6A,Language Arts,Language Usage,Class,Fall 2025 - Spring 2026,2025,3,32,D250064,Horvat,Luka,6,2025-09-12,197,3.0,29,51,2026-05-08,211,3.9,52,31,202,5,14,4.9,9,Yes*,1.13,87,24,20,83,325,82,High Growth / Low Achievement,High Growth / Average Achievement,87,52
Spring 2025-2026,Spring 2025-2026,AISA (sample data),AISA Demo School,Rahimi,6A,Language Arts,Language Usage,Class,Fall 2025 - Spring 2026,2025,3,32,D250052,Hosseini,Shirin,6,2025-09-12,206,3.0,50,44,2026-05-08,215,3.0,62,43,210,4,9,4.2,5,Yes,0.63,74,24,20,83,325,82,High Growth / Average Achievement,High Growth / High Achievement,74,62
Spring 2025-2026,Spring 2025-2026,AISA (sample data),AISA Demo School,Rahimi,6A,Language Arts,Language Usage,Class,Fall 2025 - Spring 2026,2025,3,32,D250067,Hughes,Olivia,6,2025-09-12,193,3.2,21,52,2026-05-08,190,3.2,11,59,199,6,-3,4.5,-9,No,-1.12,13,24,20,83,325,82,Low Growth / Low Achievement,Low Growth / Low Achievement,13,11
Spring 2025-2026,Spring 2025-2026,AISA (sample data),AISA Demo School,Rahimi,6A,Language Arts,Language Usage,Class,Fall 2025 - Spring 2026,2025,3,32,D250048,Kapoor,Ishaan,6,2025-09-12,198,3.2,31,47,2026-05-08,206,3.2,40,49,203,5,8,4.5,3,Yes,0.38,65,24,20,83,325,82,High Growth / Low Achievement,High Growth / Low Achievement,65,40
Spring 2025-2026,Spring 2025-2026,AISA (sample data),AISA Demo School,Rahimi,6A,Language Arts,Language Usage,Class,Fall 2025 - Spring 2026,2025,3,32,D250065,Kaya,Defne,6,2025-09-12,242,3.3,99,37,2026-05-08,238,3.3,96,35,243,1,-4,4.7,-5,No,-0.62,27,24,20,83,325,82,Low Growth / High Achievement,Low Growth / High Achievement,27,96
Spring 2025-2026,Spring 2025-2026,AISA (sample data),AISA Demo School,Rahimi,6A,Language Arts,Language Usage,Class,Fall 2025 - Spring 2026,2025,3,32,D250050,Kowalska,Zofia,6,2025-09-12,226,3.1,89,45,2026-05-08,231,3.3,91,43,228,2,5,4.5,3,Yes,0.38,65,24,20,83,325,82,High Growth / High Achievement,High Growth / High Achievement,65,91
Spring 2025-2026,Spring 2025-2026,AISA (sample data),AISA Demo School,Rahimi,6A,Language Arts,Language Usage,Class,Fall 2025 - Spring 2026,2025,3,32,D250053,Lim,Jia Hui,6,2025-09-12,216,3.1,73,45,2026-05-08,228,3.1,87,46,219,3,12,4.4,9,Yes,1.13,87,24,20,83,325,82,High Growth / High Achievement,High Growth / High Achievement,87,87
Spring 2025-2026,Spring 2025-2026,AISA (sample data),AISA Demo School,Rahimi,6A,Language Arts,Language Usage,Class,Fall 2025 - Spring 2026,2025,3,32,D250059,Mendoza,Lucía,6,2025-09-12,212,3.0,65,41,2026-05-08,237,3.1,95,42,215,3,25,4.3,22,Yes,2.75,99,24,20,83,325,82,High Growth / High Achievement,High Growth / High Achievement,99,95
Spring 2025-2026,Spring 2025-2026,AISA (sample data),AISA Demo School,Rahimi,6A,Language Arts,Language Usage,Class,Fall 2025 - Spring 2026,2025,3,32,D250061,Moreau,Inès,6,2025-09-12,213,3.0,67,54,2026-05-08,219,3.2,71,57,216,3,6,4.4,3,Yes,0.38,65,24,20,83,325,82,High Growth / High Achievement,High Growth / High Achievement,65,71
Spring 2025-2026,Spring 2025-2026,AISA (sample data),AISA Demo School,Rahimi,6A,Language Arts,Language Usage,Class,Fall 2025 - Spring 2026,2025,3,32,D250063,Mwangi,Nia,6,2025-09-12,206,2.8,50,38,2026-05-08,223,3.0,79,39,210,4,17,4.1,13,Yes,1.63,95,24,20,83,325,82,High Growth / Average Achievement,High Growth / High Achievement,95,79
Spring 2025-2026,Spring 2025-2026,AISA (sample data),AISA Demo School,Rahimi,6A,Language Arts,Language Usage,Class,Fall 2025 - Spring 2026,2025,3,32,D250060,Nguyen,Minh,6,2025-09-12,215,3.1,71,43,2026-05-08,224,3.1,81,43,218,3,9,4.4,6,Yes,0.75,77,24,20,83,325,82,High Growth / High Achievement,High Growth / High Achievement,77,81
Spring 2025-2026,Spring 2025-2026,AISA (sample data),AISA Demo School,Rahimi,6A,Language Arts,Language Usage,Class,Fall 2025 - Spring 2026,2025,3,32,D250057,Nyberg,Astrid,6,2025-09-12,211,3.0,62,38,2026-05-20,228,3.1,87,36,214,3,17,4.3,14,Yes,1.75,96,24,20,83,325,82,High Growth / High Achievement,High Growth / High Achievement,96,87
Spring 2025-2026,Spring 2025-2026,AISA (sample data),AISA Demo School,Rahimi,6A,Language Arts,Language Usage,Class,Fall 2025 - Spring 2026,2025,3,32,D250069,Ochieng,Makena,6,2025-09-12,234,3.4,96,35,2026-05-08,236,3.4,95,35,235,1,2,4.8,1,Yes,0.13,55,24,20,83,325,82,Average Growth / High Achievement,Average Growth / High Achievement,55,95
Spring 2025-2026,Spring 2025-2026,AISA (sample data),AISA Demo School,Rahimi,6A,Language Arts,Language Usage,Class,Fall 2025 - Spring 2026,2025,3,32,D250051,Ortiz,Joaquín,6,2025-09-12,203,3.0,43,36,2026-05-08,206,3.0,40,33,207,4,3,4.2,-1,No,-0.12,45,24,20,83,325,82,Average Growth / Average Achievement,Average Growth / Low Achievement,45,40
Spring 2025-2026,Spring 2025-2026,AISA (sample data),AISA Demo School,Rahimi,6A,Language Arts,Language Usage,Class,Fall 2025 - Spring 2026,2025,3,32,D250047,Papadopoulos,Sofia,6,2025-09-12,230,3.2,93,45,2026-05-08,237,3.3,95,41,231,1,7,4.6,6,Yes,0.75,77,24,20,83,325,82,High Growth / High Achievement,High Growth / High Achievement,77,95
Spring 2025-2026,Spring 2025-2026,AISA (sample data),AISA Demo School,Rahimi,6A,Language Arts,Language Usage,Class,Fall 2025 - Spring 2026,2025,3,32,D250062,Qasim,Tariq,6,2025-09-12,185,3.1,9,54,2026-05-08,188,3.2,8,49,192,7,3,4.5,-4,No,-0.50,31,24,20,83,325,82,Low Growth / Low Achievement,Low Growth / Low Achievement,31,8
Spring 2025-2026,Spring 2025-2026,AISA (sample data),AISA Demo School,Rahimi,6A,Language Arts,Language Usage,Class,Fall 2025 - Spring 2026,2025,3,32,D250046,Saleh,Yousef,6,2025-09-12,189,3.1,14,54,2026-05-08,215,3.0,62,57,195,6,26,4.3,20,Yes,2.50,99,24,20,83,325,82,High Growth / Low Achievement,High Growth / High Achievement,99,62
Spring 2025-2026,Spring 2025-2026,AISA (sample data),AISA Demo School,Rahimi,6A,Language Arts,Language Usage,Class,Fall 2025 - Spring 2026,2025,3,32,D250058,Sharma,Aarav,6,2025-09-12,197,3.0,29,33,2026-05-08,212,3.0,55,29,202,5,15,4.2,10,Yes,1.25,89,24,20,83,325,82,High Growth / Low Achievement,High Growth / Average Achievement,89,55
Spring 2025-2026,Spring 2025-2026,AISA (sample data),AISA Demo School,Rahimi,6A,Language Arts,Language Usage,Class,Fall 2025 - Spring 2026,2025,3,32,D250049,Tesfaye,Abebe,6,2025-09-12,228,3.2,92,33,2026-05-08,235,3.1,94,32,229,1,7,4.5,6,Yes,0.75,77,24,20,83,325,82,High Growth / High Achievement,High Growth / High Achievement,77,94
Spring 2025-2026,Spring 2025-2026,AISA (sample data),AISA Demo School,Rahimi,6A,Language Arts,Language Usage,Class,Fall 2025 - Spring 2026,2025,3,32,D250068,Watanabe,Sora,6,2025-09-12,224,3.1,87,49,2026-05-08,235,3.3,94,47,226,2,11,4.5,9,Yes,1.13,87,24,20,83,325,82,High Growth / High Achievement,High Growth / High Achievement,87,94
Spring 2025-2026,Spring 2025-2026,AISA (sample data),AISA Demo School,Rahimi,6A,Mathematics,Math K-12,Class,Fall 2025 - Spring 2026,2025,3,32,D250066,Chowdhury,Farhan,6,2025-09-17,211,3.1,52,62,2026-05-13,224,2.9,59,65,221,10,13,4.2,3,Yes,0.38,65,24,16,67,116,65,High Growth / Average Achievement,High Growth / Average Achievement,65,59
Spring 2025-2026,Spring 2025-2026,AISA (sample data),AISA Demo School,Rahimi,6A,Mathematics,Math K-12,Class,Fall 2025 - Spring 2026,2025,3,32,D250056,Eze,Chidi,6,2025-09-17,228,3.2,87,40,2026-05-13,245,3.1,92,43,238,10,17,4.5,7,Yes,0.88,81,24,16,67,116,65,High Growth / High Achievement,High Growth / High Achievement,81,92
Spring 2025-2026,Spring 2025-2026,AISA (sample data),AISA Demo School,Rahimi,6A,Mathematics,Math K-12,Class,Fall 2025 - Spring 2026,2025,3,32,D250054,Fernandes,Hugo,6,2025-09-17,216,2.9,65,70,2026-05-13,230,3.0,71,77,226,10,14,4.2,4,Yes,0.50,69,24,16,67,116,65,High Growth / High Achievement,High Growth / High Achievement,69,71
Spring 2025-2026,Spring 2025-2026,AISA (sample data),AISA Demo School,Rahimi,6A,Mathematics,Math K-12,Class,Fall 2025 - Spring 2026,2025,3,32,D250055,Hamdi,Rania,6,2025-09-17,197,3.1,21,49,2026-05-13,208,3.0,25,41,207,10,11,4.3,1,Yes,0.13,55,24,16,67,116,65,Average Growth / Low Achievement,Average Growth / Low Achievement,55,25
Spring 2025-2026,Spring 2025-2026,AISA (sample data),AISA Demo School,Rahimi,6A,Mathematics,Math K-12,Class,Fall 2025 - Spring 2026,2025,3,32,D250064,Horvat,Luka,6,2025-09-17,212,2.9,55,59,2026-05-13,220,3.0,50,48,222,10,8,4.2,-2,No,-0.25,40,24,16,67,116,65,Low Growth / Average Achievement,Low Growth / Average Achievement,40,50
Spring 2025-2026,Spring 2025-2026,AISA (sample data),AISA Demo School,Rahimi,6A,Mathematics,Math K-12,Class,Fall 2025 - Spring 2026,2025,3,32,D250052,Hosseini,Shirin,6,2025-09-17,225,3.0,83,49,2026-05-13,238,3.0,84,47,235,10,13,4.2,3,Yes,0.38,65,24,16,67,116,65,High Growth / High Achievement,High Growth / High Achievement,65,84
Spring 2025-2026,Spring 2025-2026,AISA (sample data),AISA Demo School,Rahimi,6A,Mathematics,Math K-12,Class,Fall 2025 - Spring 2026,2025,3,32,D250067,Hughes,Olivia,6,2025-09-17,209,2.9,48,73,2026-05-13,217,3.0,43,73,219,10,8,4.2,-2,No,-0.25,40,24,16,67,116,65,Low Growth / Average Achievement,Low Growth / Average Achievement,40,43
Spring 2025-2026,Spring 2025-2026,AISA (sample data),AISA Demo School,Rahimi,6A,Mathematics,Math K-12,Class,Fall 2025 - Spring 2026,2025,3,32,D250048,Kapoor,Ishaan,6,2025-09-17,211,2.9,52,55,2026-05-13,218,3.0,46,52,221,10,7,4.2,-3,No,-0.37,36,24,16,67,116,65,Low Growth / Average Achievement,Low Growth / Average Achievement,36,46
Spring 2025-2026,Spring 2025-2026,AISA (sample data),AISA Demo School,Rahimi,6A,Mathematics,Math K-12,Class,Fall 2025 - Spring 2026,2025,3,32,D250065,Kaya,Defne,6,2025-09-17,232,3.2,92,44,2026-05-13,236,3.1,81,48,242,10,4,4.5,-6,No,-0.75,23,24,16,67,116,65,Low Growth / High Achievement,Low Growth / High Achievement,23,81
Spring 2025-2026,Spring 2025-2026,AISA (sample data),AISA Demo School,Rahimi,6A,Mathematics,Math K-12,Class,Fall 2025 - Spring 2026,2025,3,32,D250050,Kowalska,Zofia,6,2025-09-17,224,3.2,81,52,2026-05-13,238,3.0,84,47,234,10,14,4.4,4,Yes,0.50,69,24,16,67,116,65,High Growth / High Achievement,High Growth / High Achievement,69,84
Spring 2025-2026,Spring 2025-2026,AISA (sample data),AISA Demo School,Rahimi,6A,Mathematics,Math K-12,Class,Fall 2025 - Spring 2026,2025,3,32,D250053,Lim,Jia Hui,6,2025-09-17,219,3.0,71,58,2026-05-13,222,3.0,54,58,229,10,3,4.2,-7,No,-0.87,19,24,16,67,116,65,Low Growth / High Achievement,Low Growth / Average Achievement,19,54
Spring 2025-2026,Spring 2025-2026,AISA (sample data),AISA Demo School,Rahimi,6A,Mathematics,Math K-12,Class,Fall 2025 - Spring 2026,2025,3,32,D250059,Mendoza,Lucía,6,2025-09-17,211,3.1,52,51,2026-05-13,224,3.2,59,50,221,10,13,4.5,3,Yes,0.38,65,24,16,67,116,65,High Growth / Average Achievement,High Growth / Average Achievement,65,59
Spring 2025-2026,Spring 2025-2026,AISA (sample data),AISA Demo School,Rahimi,6A,Mathematics,Math K-12,Class,Fall 2025 - Spring 2026,2025,3,32,D250061,Moreau,Inès,6,2025-09-17,201,3.0,29,69,2026-05-13,200,3.1,13,74,211,10,-1,4.3,-11,No,-1.37,9,24,16,67,116,65,Low Growth / Low Achievement,Low Growth / Low Achievement,9,13
Spring 2025-2026,Spring 2025-2026,AISA (sample data),AISA Demo School,Rahimi,6A,Mathematics,Math K-12,Class,Fall 2025 - Spring 2026,2025,3,32,D250063,Mwangi,Nia,6,2025-09-17,202,3.1,31,46,2026-05-13,222,3.1,54,45,212,10,20,4.4,10,Yes,1.25,89,24,16,67,116,65,High Growth / Low Achievement,High Growth / Average Achievement,89,54
Spring 2025-2026,Spring 2025-2026,AISA (sample data),AISA Demo School,Rahimi,6A,Mathematics,Math K-12,Class,Fall 2025 - Spring 2026,2025,3,32,D250060,Nguyen,Minh,6,2025-09-17,215,3.1,62,59,2026-05-13,217,2.9,43,51,225,10,2,4.2,-8,No,-1.00,16,24,16,67,116,65,Low Growth / High Achievement,Low Growth / Average Achievement,16,43
Spring 2025-2026,Spring 2025-2026,AISA (sample data),AISA Demo School,Rahimi,6A,Mathematics,Math K-12,Class,Fall 2025 - Spring 2026,2025,3,32,D250057,Nyberg,Astrid,6,2025-09-17,225,3.1,83,44,2026-05-19,237,3.1,83,47,235,10,12,4.4,2,Yes,0.25,60,24,16,67,116,65,Average Growth / High Achievement,Average Growth / High Achievement,60,83
Spring 2025-2026,Spring 2025-2026,AISA (sample data),AISA Demo School,Rahimi,6A,Mathematics,Math K-12,Class,Fall 2025 - Spring 2026,2025,3,32,D250069,Ochieng,Makena,6,2025-09-17,219,3.0,71,48,2026-05-13,238,3.2,84,43,229,10,19,4.4,9,Yes,1.13,87,24,16,67,116,65,High Growth / High Achievement,High Growth / High Achievement,87,84
Spring 2025-2026,Spring 2025-2026,AISA (sample data),AISA Demo School,Rahimi,6A,Mathematics,Math K-12,Class,Fall 2025 - Spring 2026,2025,3,32,D250051,Ortiz,Joaquín,6,2025-09-17,224,3.2,81,41,2026-05-13,244,3.1,91,37,234,10,20,4.5,10,Yes,1.25,89,24,16,67,116,65,High Growth / High Achievement,High Growth / High Achievement,89,91
Spring 2025-2026,Spring 2025-2026,AISA (sample data),AISA Demo School,Rahimi,6A,Mathematics,Math K-12,Class,Fall 2025 - Spring 2026,2025,3,32,D250047,Papadopoulos,Sofia,6,2025-09-17,219,3.1,71,53,2026-05-13,239,3.0,85,51,229,10,20,4.3,10,Yes,1.25,89,24,16,67,116,65,High Growth / High Achievement,High Growth / High Achievement,89,85
Spring 2025-2026,Spring 2025-2026,AISA (sample data),AISA Demo School,Rahimi,6A,Mathematics,Math K-12,Class,Fall 2025 - Spring 2026,2025,3,32,D250062,Qasim,Tariq,6,2025-09-17,221,3.1,75,60,2026-05-13,236,3.1,81,67,231,10,15,4.4,5,Yes,0.63,74,24,16,67,116,65,High Growth / High Achievement,High Growth / High Achievement,74,81
Spring 2025-2026,Spring 2025-2026,AISA (sample data),AISA Demo School,Rahimi,6A,Mathematics,Math K-12,Class,Fall 2025 - Spring 2026,2025,3,32,D250046,Saleh,Yousef,6,2025-09-17,191,3.3,12,66,2026-05-13,210,2.9,29,71,201,10,19,4.4,9,Yes,1.13,87,24,16,67,116,65,High Growth / Low Achievement,High Growth / Low Achievement,87,29
Spring 2025-2026,Spring 2025-2026,AISA (sample data),AISA Demo School,Rahimi,6A,Mathematics,Math K-12,Class,Fall 2025 - Spring 2026,2025,3,32,D250058,Sharma,Aarav,6,2025-09-17,183,3.2,5,42,2026-05-13,182,3.2,2,39,193,10,-1,4.5,-11,No,-1.37,9,24,16,67,116,65,Low Growth / Low Achievement,Low Growth / Low Achievement,9,2
Spring 2025-2026,Spring 2025-2026,AISA (sample data),AISA Demo School,Rahimi,6A,Mathematics,Math K-12,Class,Fall 2025 - Spring 2026,2025,3,32,D250049,Tesfaye,Abebe,6,2025-09-17,213,3.0,57,46,2026-05-13,224,3.1,59,36,223,10,11,4.3,1,Yes,0.13,55,24,16,67,116,65,Average Growth / Average Achievement,Average Growth / Average Achievement,55,59
Spring 2025-2026,Spring 2025-2026,AISA (sample data),AISA Demo School,Rahimi,6A,Mathematics,Math K-12,Class,Fall 2025 - Spring 2026,2025,3,32,D250068,Watanabe,Sora,6,2025-09-17,248,3.3,99,65,2026-05-13,266,3.2,99,58,258,10,18,4.6,8,Yes,1.00,84,24,16,67,116,65,High Growth / High Achievement,High Growth / High Achievement,84,99
Spring 2025-2026,Spring 2025-2026,AISA (sample data),AISA Demo School,Rahimi,6A,Science,Science K-12,Class,Fall 2025 - Spring 2026,2025,3,32,D250066,Chowdhury,Farhan,6,2025-09-19,216,3.2,82,49,2026-05-15,218,2.9,78,42,218,2,2,4.3,0,Yes,0.00,50,24,20,83,308,79,Average Growth / High Achievement,Average Growth / High Achievement,50,78
Spring 2025-2026,Spring 2025-2026,AISA (sample data),AISA Demo School,Rahimi,6A,Science,Science K-12,Class,Fall 2025 - Spring 2026,2025,3,32,D250056,Eze,Chidi,6,2025-09-19,204,3.0,50,35,2026-05-15,219,3.2,80,31,207,3,15,4.4,12,Yes,1.71,96,24,20,83,308,79,High Growth / Average Achievement,High Growth / High Achievement,96,80
Spring 2025-2026,Spring 2025-2026,AISA (sample data),AISA Demo School,Rahimi,6A,Science,Science K-12,Class,Fall 2025 - Spring 2026,2025,3,32,D250054,Fernandes,Hugo,6,2025-09-19,222,3.2,92,51,2026-05-15,219,3.2,80,47,224,2,-3,4.5,-5,No,-0.71,24,24,20,83,308,79,Low Growth / High Achievement,Low Growth / High Achievement,24,80
Spring 2025-2026,Spring 2025-2026,AISA (sample data),AISA Demo School,Rahimi,6A,Science,Science K-12,Class,Fall 2025 - Spring 2026,2025,3,32,D250055,Hamdi,Rania,6,2025-09-19,200,3.1,38,36,2026-05-15,209,3.1,56,37,203,3,9,4.4,6,Yes,0.86,81,24,20,83,308,79,High Growth / Low Achievement,High Growth / Average Achievement,81,56
Spring 2025-2026,Spring 2025-2026,AISA (sample data),AISA Demo School,Rahimi,6A,Science,Science K-12,Class,Fall 2025 - Spring 2026,2025,3,32,D250064,Horvat,Luka,6,2025-09-19,211,3.1,70,40,2026-05-15,223,3.1,87,44,214,3,12,4.4,9,Yes,1.29,90,24,20,83,308,79,High Growth / High Achievement,High Growth / High Achievement,90,87
Spring 2025-2026,Spring 2025-2026,AISA (sample data),AISA Demo School,Rahimi,6A,Science,Science K-12,Class,Fall 2025 - Spring 2026,2025,3,32,D250052,Hosseini,Shirin,6,2025-09-19,223,3.2,93,40,2026-05-15,224,3.3,89,38,225,2,1,4.6,-1,No,-0.14,44,24,20,83,308,79,Average Growth / High Achievement,Average Growth / High Achievement,44,89
Spring 2025-2026,Spring 2025-2026,AISA (sample data),AISA Demo School,Rahimi,6A,Science,Science K-12,Class,Fall 2025 - Spring 2026,2025,3,32,D250067,Hughes,Olivia,6,2025-09-19,203,2.9,47,54,2026-05-15,213,3.1,67,50,206,3,10,4.2,7,Yes,1.00,84,24,20,83,308,79,High Growth / Average Achievement,High Growth / High Achievement,84,67
Spring 2025-2026,Spring 2025-2026,AISA (sample data),AISA Demo School,Rahimi,6A,Science,Science K-12,Class,Fall 2025 - Spring 2026,2025,3,32,D250048,Kapoor,Ishaan,6,2025-09-19,201,3.1,41,45,2026-05-15,201,3.2,33,37,204,3,0,4.5,-3,No,-0.43,33,24,20,83,308,79,Low Growth / Average Achievement,Low Growth / Low Achievement,33,33
Spring 2025-2026,Spring 2025-2026,AISA (sample data),AISA Demo School,Rahimi,6A,Science,Science K-12,Class,Fall 2025 - Spring 2026,2025,3,32,D250065,Kaya,Defne,6,2025-09-19,220,3.2,89,37,2026-05-15,226,3.1,91,32,222,2,6,4.5,4,Yes,0.57,72,24,20,83,308,79,High Growth / High Achievement,High Growth / High Achievement,72,91
Spring 2025-2026,Spring 2025-2026,AISA (sample data),AISA Demo School,Rahimi,6A,Science,Science K-12,Class,Fall 2025 - Spring 2026,2025,3,32,D250050,Kowalska,Zofia,6,2025-09-19,212,3.2,73,41,2026-05-15,227,3.0,92,36,215,3,15,4.4,12,Yes,1.71,96,24,20,83,308,79,High Growth / High Achievement,High Growth / High Achievement,96,92
Spring 2025-2026,Spring 2025-2026,AISA (sample data),AISA Demo School,Rahimi,6A,Science,Science K-12,Class,Fall 2025 - Spring 2026,2025,3,32,D250053,Lim,Jia Hui,6,2025-09-19,216,3.0,82,47,2026-05-15,224,3.2,89,39,218,2,8,4.4,6,Yes,0.86,81,24,20,83,308,79,High Growth / High Achievement,High Growth / High Achievement,81,89
Spring 2025-2026,Spring 2025-2026,AISA (sample data),AISA Demo School,Rahimi,6A,Science,Science K-12,Class,Fall 2025 - Spring 2026,2025,3,32,D250059,Mendoza,Lucía,6,2025-09-19,209,3.1,65,43,2026-05-15,209,3.1,56,42,212,3,0,4.4,-3,No,-0.43,33,24,20,83,308,79,Low Growth / High Achievement,Low Growth / Average Achievement,33,56
Spring 2025-2026,Spring 2025-2026,AISA (sample data),AISA Demo School,Rahimi,6A,Science,Science K-12,Class,Fall 2025 - Spring 2026,2025,3,32,D250061,Moreau,Inès,6,2025-09-19,213,3.1,76,69,2026-05-15,227,3.3,92,61,216,3,14,4.5,11,Yes,1.57,94,24,20,83,308,79,High Growth / High Achievement,High Growth / High Achievement,94,92
Spring 2025-2026,Spring 2025-2026,AISA (sample data),AISA Demo School,Rahimi,6A,Science,Science K-12,Class,Fall 2025 - Spring 2026,2025,3,32,D250063,Mwangi,Nia,6,2025-09-19,193,3.1,20,30,2026-05-15,211,3.1,61,35,197,4,18,4.4,14,Yes,2.00,98,24,20,83,308,79,High Growth / Low Achievement,High Growth / High Achievement,98,61
Spring 2025-2026,Spring 2025-2026,AISA (sample data),AISA Demo School,Rahimi,6A,Science,Science K-12,Class,Fall 2025 - Spring 2026,2025,3,32,D250060,Nguyen,Minh,6,2025-09-19,225,3.3,95,47,2026-05-15,231,3.2,96,43,227,2,6,4.6,4,Yes,0.57,72,24,20,83,308,79,High Growth / High Achievement,High Growth / High Achievement,72,96
Spring 2025-2026,Spring 2025-2026,AISA (sample data),AISA Demo School,Rahimi,6A,Science,Science K-12,Class,Fall 2025 - Spring 2026,2025,3,32,D250057,Nyberg,Astrid,6,2025-09-19,216,3.0,82,35,2026-05-19,227,3.2,92,33,218,2,11,4.4,9,Yes,1.29,90,24,20,83,308,79,High Growth / High Achievement,High Growth / High Achievement,90,92
Spring 2025-2026,Spring 2025-2026,AISA (sample data),AISA Demo School,Rahimi,6A,Science,Science K-12,Class,Fall 2025 - Spring 2026,2025,3,32,D250069,Ochieng,Makena,6,2025-09-19,217,3.0,84,35,2026-05-15,222,3.1,86,36,219,2,5,4.3,3,Yes,0.43,67,24,20,83,308,79,High Growth / High Achievement,High Growth / High Achievement,67,86
Spring 2025-2026,Spring 2025-2026,AISA (sample data),AISA Demo School,Rahimi,6A,Science,Science K-12,Class,Fall 2025 - Spring 2026,2025,3,32,D250051,Ortiz,Joaquín,6,2025-09-19,204,2.9,50,33,2026-05-15,212,3.0,64,31,207,3,8,4.2,5,Yes,0.71,76,24,20,83,308,79,High Growth / Average Achievement,High Growth / High Achievement,76,64
Spring 2025-2026,Spring 2025-2026,AISA (sample data),AISA Demo School,Rahimi,6A,Science,Science K-12,Class,Fall 2025 - Spring 2026,2025,3,32,D250047,Papadopoulos,Sofia,6,2025-09-19,213,3.2,76,40,2026-05-15,222,3.0,86,37,216,3,9,4.4,6,Yes,0.86,81,24,20,83,308,79,High Growth / High Achievement,High Growth / High Achievement,81,86
Spring 2025-2026,Spring 2025-2026,AISA (sample data),AISA Demo School,Rahimi,6A,Science,Science K-12,Class,Fall 2025 - Spring 2026,2025,3,32,D250062,Qasim,Tariq,6,2025-09-19,190,3.0,14,55,2026-05-15,196,3.1,22,47,194,4,6,4.3,2,Yes,0.29,61,24,20,83,308,79,High Growth / Low Achievement,High Growth / Low Achievement,61,22
Spring 2025-2026,Spring 2025-2026,AISA (sample data),AISA Demo School,Rahimi,6A,Science,Science K-12,Class,Fall 2025 - Spring 2026,2025,3,32,D250046,Saleh,Yousef,6,2025-09-19,206,3.1,56,56,2026-05-15,214,3.2,69,62,209,3,8,4.5,5,Yes,0.71,76,24,20,83,308,79,High Growth / Average Achievement,High Growth / High Achievement,76,69
Spring 2025-2026,Spring 2025-2026,AISA (sample data),AISA Demo School,Rahimi,6A,Science,Science K-12,Class,Fall 2025 - Spring 2026,2025,3,32,D250058,Sharma,Aarav,6,2025-09-19,194,3.1,22,30,2026-05-15,201,3.1,33,28,198,4,7,4.4,3,Yes,0.43,67,24,20,83,308,79,High Growth / Low Achievement,High Growth / Low Achievement,67,33
Spring 2025-2026,Spring 2025-2026,AISA (sample data),AISA Demo School,Rahimi,6A,Science,Science K-12,Class,Fall 2025 - Spring 2026,2025,3,32,D250049,Tesfaye,Abebe,6,2025-09-19,200,3.0,38,29,2026-05-15,221,3.2,84,33,203,3,21,4.4,18,Yes,2.57,99,24,20,83,308,79,High Growth / Low Achievement,High Growth / High Achievement,99,84
Spring 2025-2026,Spring 2025-2026,AISA (sample data),AISA Demo School,Rahimi,6A,Science,Science K-12,Class,Fall 2025 - Spring 2026,2025,3,32,D250068,Watanabe,Sora,6,2025-09-19,217,3.2,84,49,2026-05-15,232,3.3,96,47,219,2,15,4.6,13,Yes,1.86,97,24,20,83,308,79,High Growth / High Achievement,High Growth / High Achievement,97,96
Spring 2025-2026,Spring 2025-2026,AISA (sample data),AISA Demo School,Rahimi,6B,Reading,Reading,Class,Fall 2025 - Spring 2026,2025,3,32,D250078,Adeyemi,Ayo,6,2025-09-10,225,3.2,83,45,2026-05-06,229,3.2,84,44,226,1,4,4.5,3,Yes,0.38,65,20,14,70,70,65,High Growth / High Achievement,High Growth / High Achievement,65,84
Spring 2025-2026,Spring 2025-2026,AISA (sample data),AISA Demo School,Rahimi,6B,Reading,Reading,Class,Fall 2025 - Spring 2026,2025,3,32,D250080,Aliyev,Arman,6,2025-09-10,194,2.9,19,62,2026-05-06,182,3.2,4,62,199,5,-12,4.3,-17,No,-2.12,2,20,14,70,70,65,Low Growth / Low Achievement,Low Growth / Low Achievement,2,4
Spring 2025-2026,Spring 2025-2026,AISA (sample data),AISA Demo School,Rahimi,6B,Reading,Reading,Class,Fall 2025 - Spring 2026,2025,3,32,D250070,Barakat,Hadi,6,2025-09-10,237,3.2,95,46,2026-05-06,241,3.1,96,46,238,1,4,4.5,3,Yes,0.38,65,20,14,70,70,65,High Growth / High Achievement,High Growth / High Achievement,65,96
Spring 2025-2026,Spring 2025-2026,AISA (sample data),AISA Demo School,Rahimi,6B,Reading,Reading,Class,Fall 2025 - Spring 2026,2025,3,32,D250089,Berg,Tobias,6,2025-09-10,193,2.9,17,51,2026-05-06,204,3.2,32,51,198,5,11,4.3,6,Yes,0.75,77,20,14,70,70,65,High Growth / Low Achievement,High Growth / Low Achievement,77,32
Spring 2025-2026,Spring 2025-2026,AISA (sample data),AISA Demo School,Rahimi,6B,Reading,Reading,Class,Fall 2025 - Spring 2026,2025,3,32,D250077,Costa,Isabela,6,2025-09-24,216,2.9,66,57,2026-05-06,222,3.0,72,59,218,2,6,4.2,4,Yes,0.50,69,20,14,70,70,65,High Growth / High Achievement,High Growth / High Achievement,69,72
Spring 2025-2026,Spring 2025-2026,AISA (sample data),AISA Demo School,Rahimi,6B,Reading,Reading,Class,Fall 2025 - Spring 2026,2025,3,32,D250073,Diallo,Fatou,6,2025-09-10,211,3.0,55,51,2026-05-06,223,3.0,74,51,214,3,12,4.2,9,Yes,1.13,87,20,14,70,70,65,High Growth / Average Achievement,High Growth / High Achievement,87,74
Spring 2025-2026,Spring 2025-2026,AISA (sample data),AISA Demo School,Rahimi,6B,Reading,Reading,Class,Fall 2025 - Spring 2026,2025,3,32,D250090,Haddad,Samira,6,2025-09-10,188,3.1,11,54,2026-05-06,199,3.1,22,54,194,6,11,4.4,5,Yes,0.63,74,20,14,70,70,65,High Growth / Low Achievement,High Growth / Low Achievement,74,22
Spring 2025-2026,Spring 2025-2026,AISA (sample data),AISA Demo School,Rahimi,6B,Reading,Reading,Class,Fall 2025 - Spring 2026,2025,3,32,D250082,Ivanova,Anya,6,2025-09-10,211,3.3,55,58,2026-05-06,212,3.0,50,54,214,3,1,4.5,-2,No,-0.25,40,20,14,70,70,65,Low Growth / Average Achievement,Low Growth / Average Achievement,40,50
Spring 2025-2026,Spring 2025-2026,AISA (sample data),AISA Demo School,Rahimi,6B,Reading,Reading,Class,Fall 2025 - Spring 2026,2025,3,32,D250084,Jaber,Reem,6,2025-09-10,240,3.0,97,47,2026-05-06,247,3.2,98,43,241,1,7,4.4,6,Yes,0.75,77,20,14,70,70,65,High Growth / High Achievement,High Growth / High Achievement,77,98
Spring 2025-2026,Spring 2025-2026,AISA (sample data),AISA Demo School,Rahimi,6B,Reading,Reading,Class,Fall 2025 - Spring 2026,2025,3,32,D250081,Joshi,Saanvi,6,2025-09-10,222,3.1,78,40,2026-05-06,224,3.0,76,35,223,1,2,4.3,1,Yes,0.13,55,20,14,70,70,65,Average Growth / High Achievement,Average Growth / High Achievement,55,76
Spring 2025-2026,Spring 2025-2026,AISA (sample data),AISA Demo School,Rahimi,6B,Reading,Reading,Class,Fall 2025 - Spring 2026,2025,3,32,D250076,Lee,Ji-ho,6,2025-09-10,239,3.4,96,45,2026-05-06,240,3.2,95,46,240,1,1,4.7,0,Yes,0.00,50,20,14,70,70,65,Average Growth / High Achievement,Average Growth / High Achievement,50,95
Spring 2025-2026,Spring 2025-2026,AISA (sample data),AISA Demo School,Rahimi,6B,Reading,Reading,Class,Fall 2025 - Spring 2026,2025,3,32,D250086,Okoro,Grace,6,,,,,,2026-05-06,231,3.4,87,72,,,,,,,,,20,14,70,70,65,,,,
Spring 2025-2026,Spring 2025-2026,AISA (sample data),AISA Demo School,Rahimi,6B,Reading,Reading,Class,Fall 2025 - Spring 2026,2025,3,32,D250087,Othman,Faisal,6,2025-09-10,218,3.1,70,55,2026-05-06,224,3.0,76,57,220,2,6,4.3,4,Yes,0.50,69,20,14,70,70,65,High Growth / High Achievement,High Growth / High Achievement,69,76
Spring 2025-2026,Spring 2025-2026,AISA (sample data),AISA Demo School,Rahimi,6B,Reading,Reading,Class,Fall 2025 - Spring 2026,2025,3,32,D250071,Pillai,Meera,6,2025-09-10,230,3.1,89,45,2026-05-06,221,3.1,70,49,231,1,-9,4.4,-10,No,-1.25,11,20,14,70,70,65,Low Growth / High Achievement,Low Growth / High Achievement,11,70
Spring 2025-2026,Spring 2025-2026,AISA (sample data),AISA Demo School,Rahimi,6B,Reading,Reading,Class,Fall 2025 - Spring 2026,2025,3,32,D250072,Ramírez,Mateo,6,2025-09-10,211,3.1,55,73,2026-05-06,215,3.0,57,61,214,3,4,4.3,1,Yes,0.13,55,20,14,70,70,65,Average Growth / Average Achievement,Average Growth / Average Achievement,55,57
Spring 2025-2026,Spring 2025-2026,AISA (sample data),AISA Demo School,Rahimi,6B,Reading,Reading,Class,Fall 2025 - Spring 2026,2025,3,32,D250088,Rao,Aditi,6,2025-09-10,174,3.1,2,39,2026-05-06,185,3.1,6,36,181,7,11,4.4,4,Yes,0.50,69,20,14,70,70,65,High Growth / Low Achievement,High Growth / Low Achievement,69,6
Spring 2025-2026,Spring 2025-2026,AISA (sample data),AISA Demo School,Rahimi,6B,Reading,Reading,Class,Fall 2025 - Spring 2026,2025,3,32,D250079,Sabbagh,Lina,6,2025-09-10,223,3.2,79,45,2026-05-06,218,2.8,64,39,224,1,-5,4.3,-6,No,-0.75,23,20,14,70,70,65,Low Growth / High Achievement,Low Growth / High Achievement,23,64
Spring 2025-2026,Spring 2025-2026,AISA (sample data),AISA Demo School,Rahimi,6B,Reading,Reading,Class,Fall 2025 - Spring 2026,2025,3,32,D250075,Siddiqui,Zara,6,2025-09-10,237,3.2,95,40,2026-05-06,217,3.3,62,42,238,1,-20,4.6,-21,No,-2.62,1,20,14,70,70,65,Low Growth / High Achievement,Low Growth / High Achievement,1,62
Spring 2025-2026,Spring 2025-2026,AISA (sample data),AISA Demo School,Rahimi,6B,Reading,Reading,Class,Fall 2025 - Spring 2026,2025,3,32,D250074,Sokolov,Ilya,6,2025-09-10,202,3.0,34,52,2026-05-06,184,3.2,5,52,206,4,-18,4.4,-22,No,-2.75,1,20,14,70,70,65,Low Growth / Low Achievement,Low Growth / Low Achievement,1,5
Spring 2025-2026,Spring 2025-2026,AISA (sample data),AISA Demo School,Rahimi,6B,Reading,Reading,Class,Fall 2025 - Spring 2026,2025,3,32,D250083,Walsh,Liam,6,2025-09-10,215,3.2,64,43,2026-05-06,227,3.0,81,42,217,2,12,4.4,10,Yes,1.25,89,20,14,70,70,65,High Growth / High Achievement,High Growth / High Achievement,89,81
Spring 2025-2026,Spring 2025-2026,AISA (sample data),AISA Demo School,Rahimi,6B,Reading,Reading,Class,Fall 2025 - Spring 2026,2025,3,32,D250085,Wong,Jun,6,2025-09-10,206,2.8,43,51,2026-05-06,215,3.2,57,52,209,3,9,4.3,6,Yes,0.75,77,20,14,70,70,65,High Growth / Average Achievement,High Growth / Average Achievement,77,57
Spring 2025-2026,Spring 2025-2026,AISA (sample data),AISA Demo School,Rahimi,6B,Language Arts,Language Usage,Class,Fall 2025 - Spring 2026,2025,3,32,D250078,Adeyemi,Ayo,6,2025-09-12,216,3.0,73,38,2026-05-08,205,2.9,38,39,219,3,-11,4.2,-14,No,-1.75,4,20,10,50,118,48,Low Growth / High Achievement,Low Growth / Low Achievement,4,38
Spring 2025-2026,Spring 2025-2026,AISA (sample data),AISA Demo School,Rahimi,6B,Language Arts,Language Usage,Class,Fall 2025 - Spring 2026,2025,3,32,D250080,Aliyev,Arman,6,2025-09-12,194,3.0,23,49,2026-05-08,185,3.2,6,57,199,5,-9,4.4,-14,No,-1.75,4,20,10,50,118,48,Low Growth / Low Achievement,Low Growth / Low Achievement,4,6
Spring 2025-2026,Spring 2025-2026,AISA (sample data),AISA Demo School,Rahimi,6B,Language Arts,Language Usage,Class,Fall 2025 - Spring 2026,2025,3,32,D250070,Barakat,Hadi,6,2025-09-12,220,3.2,81,42,2026-05-08,221,3.0,75,44,222,2,1,4.4,-1,No,-0.12,45,20,10,50,118,48,Average Growth / High Achievement,Average Growth / High Achievement,45,75
Spring 2025-2026,Spring 2025-2026,AISA (sample data),AISA Demo School,Rahimi,6B,Language Arts,Language Usage,Class,Fall 2025 - Spring 2026,2025,3,32,D250089,Berg,Tobias,6,2025-09-12,200,3.2,35,45,2026-05-08,212,3.1,55,40,205,5,12,4.5,7,Yes,0.88,81,20,10,50,118,48,High Growth / Low Achievement,High Growth / Average Achievement,81,55
Spring 2025-2026,Spring 2025-2026,AISA (sample data),AISA Demo School,Rahimi,6B,Language Arts,Language Usage,Class,Fall 2025 - Spring 2026,2025,3,32,D250077,Costa,Isabela,6,2025-09-24,217,3.2,75,51,2026-05-08,231,3.2,91,46,220,3,14,4.5,11,Yes,1.38,92,20,10,50,118,48,High Growth / High Achievement,High Growth / High Achievement,92,91
Spring 2025-2026,Spring 2025-2026,AISA (sample data),AISA Demo School,Rahimi,6B,Language Arts,Language Usage,Class,Fall 2025 - Spring 2026,2025,3,32,D250073,Diallo,Fatou,6,2025-09-12,212,3.0,65,44,2026-05-08,207,3.2,43,43,215,3,-5,4.4,-8,No,-1.00,16,20,10,50,118,48,Low Growth / High Achievement,Low Growth / Average Achievement,16,43
Spring 2025-2026,Spring 2025-2026,AISA (sample data),AISA Demo School,Rahimi,6B,Language Arts,Language Usage,Class,Fall 2025 - Spring 2026,2025,3,32,D250090,Haddad,Samira,6,2025-09-12,168,3.1,1,51,2026-05-08,187,3.2,8,60,177,9,19,4.5,10,Yes,1.25,89,20,10,50,118,48,High Growth / Low Achievement,High Growth / Low Achievement,89,8
Spring 2025-2026,Spring 2025-2026,AISA (sample data),AISA Demo School,Rahimi,6B,Language Arts,Language Usage,Class,Fall 2025 - Spring 2026,2025,3,32,D250082,Ivanova,Anya,6,2025-09-12,208,2.9,55,57,2026-05-08,211,3.0,52,45,212,4,3,4.2,-1,No,-0.12,45,20,10,50,118,48,Average Growth / Average Achievement,Average Growth / Average Achievement,45,52
Spring 2025-2026,Spring 2025-2026,AISA (sample data),AISA Demo School,Rahimi,6B,Language Arts,Language Usage,Class,Fall 2025 - Spring 2026,2025,3,32,D250084,Jaber,Reem,6,2025-09-12,243,3.1,99,46,2026-05-08,241,3.1,97,41,244,1,-2,4.4,-3,No,-0.37,36,20,10,50,118,48,Low Growth / High Achievement,Low Growth / High Achievement,36,97
Spring 2025-2026,Spring 2025-2026,AISA (sample data),AISA Demo School,Rahimi,6B,Language Arts,Language Usage,Class,Fall 2025 - Spring 2026,2025,3,32,D250081,Joshi,Saanvi,6,2025-09-12,192,3.1,19,38,2026-05-08,196,3.2,19,33,198,6,4,4.5,-2,No,-0.25,40,20,10,50,118,48,Low Growth / Low Achievement,Low Growth / Low Achievement,40,19
Spring 2025-2026,Spring 2025-2026,AISA (sample data),AISA Demo School,Rahimi,6B,Language Arts,Language Usage,Class,Fall 2025 - Spring 2026,2025,3,32,D250076,Lee,Ji-ho,6,2025-09-12,208,3.1,55,41,2026-05-08,218,3.1,69,38,212,4,10,4.4,6,Yes,0.75,77,20,10,50,118,48,High Growth / Average Achievement,High Growth / High Achievement,77,69
Spring 2025-2026,Spring 2025-2026,AISA (sample data),AISA Demo School,Rahimi,6B,Language Arts,Language Usage,Class,Fall 2025 - Spring 2026,2025,3,32,D250086,Okoro,Grace,6,,,,,,2026-05-08,224,3.1,81,61,,,,,,,,,20,10,50,118,48,,,,
Spring 2025-2026,Spring 2025-2026,AISA (sample data),AISA Demo School,Rahimi,6B,Language Arts,Language Usage,Class,Fall 2025 - Spring 2026,2025,3,32,D250087,Othman,Faisal,6,2025-09-12,228,3.0,92,49,2026-05-08,231,3.2,91,52,229,1,3,4.4,2,Yes,0.25,60,20,10,50,118,48,Average Growth / High Achievement,Average Growth / High Achievement,60,91
Spring 2025-2026,Spring 2025-2026,AISA (sample data),AISA Demo School,Rahimi,6B,Language Arts,Language Usage,Class,Fall 2025 - Spring 2026,2025,3,32,D250071,Pillai,Meera,6,2025-09-12,224,3.1,87,51,2026-05-08,220,3.2,73,46,226,2,-4,4.5,-6,No,-0.75,23,20,10,50,118,48,Low Growth / High Achievement,Low Growth / High Achievement,23,73
Spring 2025-2026,Spring 2025-2026,AISA (sample data),AISA Demo School,Rahimi,6B,Language Arts,Language Usage,Class,Fall 2025 - Spring 2026,2025,3,32,D250072,Ramírez,Mateo,6,2025-09-12,201,3.2,38,60,2026-05-08,213,3.1,57,57,206,5,12,4.5,7,Yes,0.88,81,20,10,50,118,48,High Growth / Low Achievement,High Growth / Average Achievement,81,57
Spring 2025-2026,Spring 2025-2026,AISA (sample data),AISA Demo School,Rahimi,6B,Language Arts,Language Usage,Class,Fall 2025 - Spring 2026,2025,3,32,D250088,Rao,Aditi,6,2025-09-12,182,3.0,7,39,2026-05-08,201,3.2,29,34,189,7,19,4.4,12,Yes,1.50,93,20,10,50,118,48,High Growth / Low Achievement,High Growth / Low Achievement,93,29
Spring 2025-2026,Spring 2025-2026,AISA (sample data),AISA Demo School,Rahimi,6B,Language Arts,Language Usage,Class,Fall 2025 - Spring 2026,2025,3,32,D250079,Sabbagh,Lina,6,2025-09-12,210,3.0,60,39,2026-05-08,211,2.9,52,33,214,4,1,4.2,-3,No,-0.37,36,20,10,50,118,48,Low Growth / Average Achievement,Low Growth / Average Achievement,36,52
Spring 2025-2026,Spring 2025-2026,AISA (sample data),AISA Demo School,Rahimi,6B,Language Arts,Language Usage,Class,Fall 2025 - Spring 2026,2025,3,32,D250075,Siddiqui,Zara,6,2025-09-12,239,3.3,98,32,2026-05-08,238,3.1,96,35,240,1,-1,4.5,-2,No,-0.25,40,20,10,50,118,48,Low Growth / High Achievement,Low Growth / High Achievement,40,96
Spring 2025-2026,Spring 2025-2026,AISA (sample data),AISA Demo School,Rahimi,6B,Language Arts,Language Usage,Class,Fall 2025 - Spring 2026,2025,3,32,D250074,Sokolov,Ilya,6,2025-09-12,196,3.3,27,55,2026-05-08,201,3.0,29,45,201,5,5,4.5,0,Yes,0.00,50,20,10,50,118,48,Average Growth / Low Achievement,Average Growth / Low Achievement,50,29
Spring 2025-2026,Spring 2025-2026,AISA (sample data),AISA Demo School,Rahimi,6B,Language Arts,Language Usage,Class,Fall 2025 - Spring 2026,2025,3,32,D250083,Walsh,Liam,6,2025-09-12,199,3.0,33,38,2026-05-08,213,3.2,57,36,204,5,14,4.4,9,Yes,1.13,87,20,10,50,118,48,High Growth / Low Achievement,High Growth / Average Achievement,87,57
Spring 2025-2026,Spring 2025-2026,AISA (sample data),AISA Demo School,Rahimi,6B,Language Arts,Language Usage,Class,Fall 2025 - Spring 2026,2025,3,32,D250085,Wong,Jun,6,2025-09-12,206,3.0,50,43,2026-05-08,214,3.0,60,44,210,4,8,4.2,4,Yes,0.50,69,20,10,50,118,48,High Growth / Average Achievement,High Growth / Average Achievement,69,60
Spring 2025-2026,Spring 2025-2026,AISA (sample data),AISA Demo School,Rahimi,6B,Mathematics,Math K-12,Class,Fall 2025 - Spring 2026,2025,3,32,D250078,Adeyemi,Ayo,6,2025-09-17,225,3.1,83,51,2026-05-13,236,3.2,81,51,235,10,11,4.5,1,Yes,0.13,55,20,12,60,105,53,Average Growth / High Achievement,Average Growth / High Achievement,55,81
Spring 2025-2026,Spring 2025-2026,AISA (sample data),AISA Demo School,Rahimi,6B,Mathematics,Math K-12,Class,Fall 2025 - Spring 2026,2025,3,32,D250080,Aliyev,Arman,6,2025-09-17,202,3.1,31,68,2026-05-13,209,2.9,27,65,212,10,7,4.2,-3,No,-0.37,36,20,12,60,105,53,Low Growth / Low Achievement,Low Growth / Low Achievement,36,27
Spring 2025-2026,Spring 2025-2026,AISA (sample data),AISA Demo School,Rahimi,6B,Mathematics,Math K-12,Class,Fall 2025 - Spring 2026,2025,3,32,D250070,Barakat,Hadi,6,2025-09-17,225,3.0,83,55,2026-05-13,239,3.2,85,49,235,10,14,4.4,4,Yes,0.50,69,20,12,60,105,53,High Growth / High Achievement,High Growth / High Achievement,69,85
Spring 2025-2026,Spring 2025-2026,AISA (sample data),AISA Demo School,Rahimi,6B,Mathematics,Math K-12,Class,Fall 2025 - Spring 2026,2025,3,32,D250089,Berg,Tobias,6,2025-09-17,202,3.1,31,69,2026-05-13,214,3.0,37,51,212,10,12,4.3,2,Yes,0.25,60,20,12,60,105,53,Average Growth / Low Achievement,Average Growth / Low Achievement,60,37
Spring 2025-2026,Spring 2025-2026,AISA (sample data),AISA Demo School,Rahimi,6B,Mathematics,Math K-12,Class,Fall 2025 - Spring 2026,2025,3,32,D250077,Costa,Isabela,6,2025-09-25,235,3.1,94,63,2026-05-13,252,3.2,96,68,245,10,17,4.5,7,Yes,0.88,81,20,12,60,105,53,High Growth / High Achievement,High Growth / High Achievement,81,96
Spring 2025-2026,Spring 2025-2026,AISA (sample data),AISA Demo School,Rahimi,6B,Mathematics,Math K-12,Class,Fall 2025 - Spring 2026,2025,3,32,D250073,Diallo,Fatou,6,2025-09-17,199,3.3,25,52,2026-05-13,209,3.1,27,56,209,10,10,4.5,0,Yes,0.00,50,20,12,60,105,53,Average Growth / Low Achievement,Average Growth / Low Achievement,50,27
Spring 2025-2026,Spring 2025-2026,AISA (sample data),AISA Demo School,Rahimi,6B,Mathematics,Math K-12,Class,Fall 2025 - Spring 2026,2025,3,32,D250090,Haddad,Samira,6,2025-09-17,163,3.5,1,67,2026-05-13,182,3.3,2,62,173,10,19,4.8,9,Yes,1.13,87,20,12,60,105,53,High Growth / Low Achievement,High Growth / Low Achievement,87,2
Spring 2025-2026,Spring 2025-2026,AISA (sample data),AISA Demo School,Rahimi,6B,Mathematics,Math K-12,Class,Fall 2025 - Spring 2026,2025,3,32,D250082,Ivanova,Anya,6,2025-09-17,212,3.0,55,66,2026-05-13,214,3.0,37,64,222,10,2,4.2,-8,No,-1.00,16,20,12,60,105,53,Low Growth / Average Achievement,Low Growth / Low Achievement,16,37
Spring 2025-2026,Spring 2025-2026,AISA (sample data),AISA Demo School,Rahimi,6B,Mathematics,Math K-12,Class,Fall 2025 - Spring 2026,2025,3,32,D250084,Jaber,Reem,6,2025-09-17,241,3.3,97,49,2026-05-13,261,3.3,99,48,251,10,20,4.7,10,Yes,1.25,89,20,12,60,105,53,High Growth / High Achievement,High Growth / High Achievement,89,99
Spring 2025-2026,Spring 2025-2026,AISA (sample data),AISA Demo School,Rahimi,6B,Mathematics,Math K-12,Class,Fall 2025 - Spring 2026,2025,3,32,D250081,Joshi,Saanvi,6,2025-09-17,217,3.0,67,44,2026-05-13,225,2.9,61,42,227,10,8,4.2,-2,No,-0.25,40,20,12,60,105,53,Low Growth / High Achievement,Low Growth / High Achievement,40,61
Spring 2025-2026,Spring 2025-2026,AISA (sample data),AISA Demo School,Rahimi,6B,Mathematics,Math K-12,Class,Fall 2025 - Spring 2026,2025,3,32,D250076,Lee,Ji-ho,6,2025-09-17,210,3.0,50,52,2026-05-13,219,3.0,48,50,220,10,9,4.2,-1,No,-0.12,45,20,12,60,105,53,Average Growth / Average Achievement,Average Growth / Average Achievement,45,48
Spring 2025-2026,Spring 2025-2026,AISA (sample data),AISA Demo School,Rahimi,6B,Mathematics,Math K-12,Class,Fall 2025 - Spring 2026,2025,3,32,D250086,Okoro,Grace,6,,,,,,2026-05-13,225,3.1,61,77,,,,,,,,,20,12,60,105,53,,,,
Spring 2025-2026,Spring 2025-2026,AISA (sample data),AISA Demo School,Rahimi,6B,Mathematics,Math K-12,Class,Fall 2025 - Spring 2026,2025,3,32,D250087,Othman,Faisal,6,2025-09-17,226,2.9,84,62,2026-05-13,236,3.3,81,64,236,10,10,4.4,0,Yes,0.00,50,20,12,60,105,53,Average Growth / High Achievement,Average Growth / High Achievement,50,81
Spring 2025-2026,Spring 2025-2026,AISA (sample data),AISA Demo School,Rahimi,6B,Mathematics,Math K-12,Class,Fall 2025 - Spring 2026,2025,3,32,D250071,Pillai,Meera,6,2025-09-17,226,2.9,84,52,2026-05-13,228,3.1,67,50,236,10,2,4.2,-8,No,-1.00,16,20,12,60,105,53,Low Growth / High Achievement,Low Growth / High Achievement,16,67
Spring 2025-2026,Spring 2025-2026,AISA (sample data),AISA Demo School,Rahimi,6B,Mathematics,Math K-12,Class,Fall 2025 - Spring 2026,2025,3,32,D250072,Ramírez,Mateo,6,2025-09-17,224,3.1,81,74,2026-05-13,238,3.1,84,70,234,10,14,4.4,4,Yes,0.50,69,20,12,60,105,53,High Growth / High Achievement,High Growth / High Achievement,69,84
Spring 2025-2026,Spring 2025-2026,AISA (sample data),AISA Demo School,Rahimi,6B,Mathematics,Math K-12,Class,Fall 2025 - Spring 2026,2025,3,32,D250088,Rao,Aditi,6,2025-09-17,189,3.2,9,45,2026-05-13,200,2.9,13,41,199,10,11,4.3,1,Yes,0.13,55,20,12,60,105,53,Average Growth / Low Achievement,Average Growth / Low Achievement,55,13
Spring 2025-2026,Spring 2025-2026,AISA (sample data),AISA Demo School,Rahimi,6B,Mathematics,Math K-12,Class,Fall 2025 - Spring 2026,2025,3,32,D250079,Sabbagh,Lina,6,2025-09-17,226,3.0,84,53,2026-05-13,248,3.2,94,47,236,10,22,4.4,12,Yes,1.50,93,20,12,60,105,53,High Growth / High Achievement,High Growth / High Achievement,93,94
Spring 2025-2026,Spring 2025-2026,AISA (sample data),AISA Demo School,Rahimi,6B,Mathematics,Math K-12,Class,Fall 2025 - Spring 2026,2025,3,32,D250075,Siddiqui,Zara,6,2025-09-17,237,3.2,95,46,2026-05-13,244,3.2,91,41,247,10,7,4.5,-3,No,-0.37,36,20,12,60,105,53,Low Growth / High Achievement,Low Growth / High Achievement,36,91
Spring 2025-2026,Spring 2025-2026,AISA (sample data),AISA Demo School,Rahimi,6B,Mathematics,Math K-12,Class,Fall 2025 - Spring 2026,2025,3,32,D250074,Sokolov,Ilya,6,2025-09-17,217,3.0,67,57,2026-05-13,222,2.8,54,59,227,10,5,4.1,-5,No,-0.62,27,20,12,60,105,53,Low Growth / High Achievement,Low Growth / Average Achievement,27,54
Spring 2025-2026,Spring 2025-2026,AISA (sample data),AISA Demo School,Rahimi,6B,Mathematics,Math K-12,Class,Fall 2025 - Spring 2026,2025,3,32,D250083,Walsh,Liam,6,2025-09-17,222,3.1,77,49,2026-05-13,219,2.8,48,44,232,10,-3,4.2,-13,No,-1.62,5,20,12,60,105,53,Low Growth / High Achievement,Low Growth / Average Achievement,5,48
Spring 2025-2026,Spring 2025-2026,AISA (sample data),AISA Demo School,Rahimi,6B,Mathematics,Math K-12,Class,Fall 2025 - Spring 2026,2025,3,32,D250085,Wong,Jun,6,2025-09-17,192,3.2,13,58,2026-05-13,205,3.3,20,55,202,10,13,4.6,3,Yes,0.38,65,20,12,60,105,53,High Growth / Low Achievement,High Growth / Low Achievement,65,20
Spring 2025-2026,Spring 2025-2026,AISA (sample data),AISA Demo School,Rahimi,6B,Science,Science K-12,Class,Fall 2025 - Spring 2026,2025,3,32,D250078,Adeyemi,Ayo,6,2025-09-19,222,3.2,92,36,2026-05-15,225,3.2,90,36,224,2,3,4.5,1,Yes,0.14,56,20,5,25,4,36,Average Growth / High Achievement,Average Growth / High Achievement,56,90
Spring 2025-2026,Spring 2025-2026,AISA (sample data),AISA Demo School,Rahimi,6B,Science,Science K-12,Class,Fall 2025 - Spring 2026,2025,3,32,D250080,Aliyev,Arman,6,2025-09-19,201,3.0,41,57,2026-05-15,207,3.0,50,50,204,3,6,4.2,3,Yes,0.43,67,20,5,25,4,36,High Growth / Average Achievement,High Growth / Average Achievement,67,50
Spring 2025-2026,Spring 2025-2026,AISA (sample data),AISA Demo School,Rahimi,6B,Science,Science K-12,Class,Fall 2025 - Spring 2026,2025,3,32,D250070,Barakat,Hadi,6,2025-09-19,214,3.1,78,48,2026-05-15,219,3.1,80,37,216,2,5,4.4,3,Yes,0.43,67,20,5,25,4,36,High Growth / High Achievement,High Growth / High Achievement,67,80
Spring 2025-2026,Spring 2025-2026,AISA (sample data),AISA Demo School,Rahimi,6B,Science,Science K-12,Class,Fall 2025 - Spring 2026,2025,3,32,D250089,Berg,Tobias,6,2025-09-19,197,2.9,30,40,2026-05-15,186,3.3,7,40,200,3,-11,4.4,-14,No,-2.00,2,20,5,25,4,36,Low Growth / Low Achievement,Low Growth / Low Achievement,2,7
Spring 2025-2026,Spring 2025-2026,AISA (sample data),AISA Demo School,Rahimi,6B,Science,Science K-12,Class,Fall 2025 - Spring 2026,2025,3,32,D250077,Costa,Isabela,6,2025-09-24,201,3.0,41,44,2026-05-15,219,2.9,80,40,204,3,18,4.2,15,Yes,2.14,98,20,5,25,4,36,High Growth / Average Achievement,High Growth / High Achievement,98,80
Spring 2025-2026,Spring 2025-2026,AISA (sample data),AISA Demo School,Rahimi,6B,Science,Science K-12,Class,Fall 2025 - Spring 2026,2025,3,32,D250073,Diallo,Fatou,6,2025-09-19,205,2.8,53,42,2026-05-15,205,3.3,44,43,208,3,0,4.3,-3,No,-0.43,33,20,5,25,4,36,Low Growth / Average Achievement,Low Growth / Average Achievement,33,44
Spring 2025-2026,Spring 2025-2026,AISA (sample data),AISA Demo School,Rahimi,6B,Science,Science K-12,Class,Fall 2025 - Spring 2026,2025,3,32,D250090,Haddad,Samira,6,2025-09-19,178,3.3,2,55,2026-05-15,170,3.4,1,52,182,4,-8,4.7,-12,No,-1.71,4,20,5,25,4,36,Low Growth / Low Achievement,Low Growth / Low Achievement,4,1
Spring 2025-2026,Spring 2025-2026,AISA (sample data),AISA Demo School,Rahimi,6B,Science,Science K-12,Class,Fall 2025 - Spring 2026,2025,3,32,D250082,Ivanova,Anya,6,2025-09-19,195,3.1,24,43,2026-05-15,196,3.0,22,49,198,3,1,4.3,-2,No,-0.29,39,20,5,25,4,36,Low Growth / Low Achievement,Low Growth / Low Achievement,39,22
Spring 2025-2026,Spring 2025-2026,AISA (sample data),AISA Demo School,Rahimi,6B,Science,Science K-12,Class,Fall 2025 - Spring 2026,2025,3,32,D250084,Jaber,Reem,6,2025-09-19,228,3.2,97,42,2026-05-15,223,3.1,87,37,230,2,-5,4.5,-7,No,-1.00,16,20,5,25,4,36,Low Growth / High Achievement,Low Growth / High Achievement,16,87
Spring 2025-2026,Spring 2025-2026,AISA (sample data),AISA Demo School,Rahimi,6B,Science,Science K-12,Class,Fall 2025 - Spring 2026,2025,3,32,D250081,Joshi,Saanvi,6,2025-09-19,218,3.2,86,33,2026-05-15,213,3.1,67,29,220,2,-5,4.5,-7,No,-1.00,16,20,5,25,4,36,Low Growth / High Achievement,Low Growth / High Achievement,16,67
Spring 2025-2026,Spring 2025-2026,AISA (sample data),AISA Demo School,Rahimi,6B,Science,Science K-12,Class,Fall 2025 - Spring 2026,2025,3,32,D250076,Lee,Ji-ho,6,2025-09-19,213,3.2,76,41,2026-05-15,215,3.1,72,31,216,3,2,4.5,-1,No,-0.14,44,20,5,25,4,36,Average Growth / High Achievement,Average Growth / High Achievement,44,72
Spring 2025-2026,Spring 2025-2026,AISA (sample data),AISA Demo School,Rahimi,6B,Science,Science K-12,Class,Fall 2025 - Spring 2026,2025,3,32,D250086,Okoro,Grace,6,,,,,,2026-05-15,211,2.8,61,58,,,,,,,,,20,5,25,4,36,,,,
Spring 2025-2026,Spring 2025-2026,AISA (sample data),AISA Demo School,Rahimi,6B,Science,Science K-12,Class,Fall 2025 - Spring 2026,2025,3,32,D250087,Othman,Faisal,6,2025-09-19,210,3.1,68,52,2026-05-15,211,3.3,61,50,213,3,1,4.5,-2,No,-0.29,39,20,5,25,4,36,Low Growth / High Achievement,Low Growth / High Achievement,39,61
Spring 2025-2026,Spring 2025-2026,AISA (sample data),AISA Demo School,Rahimi,6B,Science,Science K-12,Class,Fall 2025 - Spring 2026,2025,3,32,D250071,Pillai,Meera,6,2025-09-19,228,3.1,97,48,2026-05-15,225,3.1,90,37,230,2,-3,4.4,-5,No,-0.71,24,20,5,25,4,36,Low Growth / High Achievement,Low Growth / High Achievement,24,90
Spring 2025-2026,Spring 2025-2026,AISA (sample data),AISA Demo School,Rahimi,6B,Science,Science K-12,Class,Fall 2025 - Spring 2026,2025,3,32,D250072,Ramírez,Mateo,6,2025-09-19,210,3.0,68,62,2026-05-15,212,2.9,64,54,213,3,2,4.2,-1,No,-0.14,44,20,5,25,4,36,Average Growth / High Achievement,Average Growth / High Achievement,44,64
Spring 2025-2026,Spring 2025-2026,AISA (sample data),AISA Demo School,Rahimi,6B,Science,Science K-12,Class,Fall 2025 - Spring 2026,2025,3,32,D250088,Rao,Aditi,6,2025-09-19,188,3.2,11,34,2026-05-15,190,3.1,11,32,192,4,2,4.5,-2,No,-0.29,39,20,5,25,4,36,Low Growth / Low Achievement,Low Growth / Low Achievement,39,11
Spring 2025-2026,Spring 2025-2026,AISA (sample data),AISA Demo School,Rahimi,6B,Science,Science K-12,Class,Fall 2025 - Spring 2026,2025,3,32,D250079,Sabbagh,Lina,6,2025-09-19,205,2.9,53,38,2026-05-15,205,3.0,44,37,208,3,0,4.2,-3,No,-0.43,33,20,5,25,4,36,Low Growth / Average Achievement,Low Growth / Average Achievement,33,44
Spring 2025-2026,Spring 2025-2026,AISA (sample data),AISA Demo School,Rahimi,6B,Science,Science K-12,Class,Fall 2025 - Spring 2026,2025,3,32,D250075,Siddiqui,Zara,6,2025-09-19,242,3.5,99,34,2026-05-15,239,3.2,99,38,243,1,-3,4.7,-4,No,-0.57,28,20,5,25,4,36,Low Growth / High Achievement,Low Growth / High Achievement,28,99
Spring 2025-2026,Spring 2025-2026,AISA (sample data),AISA Demo School,Rahimi,6B,Science,Science K-12,Class,Fall 2025 - Spring 2026,2025,3,32,D250074,Sokolov,Ilya,6,2025-09-19,209,2.8,65,42,2026-05-15,215,3.1,72,45,212,3,6,4.2,3,Yes,0.43,67,20,5,25,4,36,High Growth / High Achievement,High Growth / High Achievement,67,72
Spring 2025-2026,Spring 2025-2026,AISA (sample data),AISA Demo School,Rahimi,6B,Science,Science K-12,Class,Fall 2025 - Spring 2026,2025,3,32,D250083,Walsh,Liam,6,2025-09-19,203,3.2,47,37,2026-05-15,197,4.0,24,16,206,3,-6,5.1,-9,No*,-1.29,10,20,5,25,4,36,Low Growth / Average Achievement,Low Growth / Low Achievement,10,24
Spring 2025-2026,Spring 2025-2026,AISA (sample data),AISA Demo School,Rahimi,6B,Science,Science K-12,Class,Fall 2025 - Spring 2026,2025,3,32,D250085,Wong,Jun,6,2025-09-19,198,3.1,32,45,2026-05-15,195,3.3,20,39,201,3,-3,4.5,-6,No,-0.86,19,20,5,25,4,36,Low Growth / Low Achievement,Low Growth / Low Achievement,19,20
